Filename,F0_mid,F0_median,Duration(ms.)
Clip1,265,267,2790.354
Clip1,295,296,935.228
Clip1,NA,191,674.591
Clip1,NA,NA,405.033
Clip1,271,200,320.259
Clip1,NA,254,1036.131
Clip1,227,271,1926.398
Clip1,NA,437,480.388
Clip1,245,239,1657.81
Clip1,NA,214,3193.168
Clip1,NA,136,2304.707
Clip1,NA,182,652.444
Clip1,NA,NA,621.679
Clip1,149,195,3804.554
Clip1,NA,193,3890.202
Clip1,NA,172,6481.477
Clip1,NA,203,8569.49
Clip1,NA,281,5001.688
Clip1,NA,191,3854.744
Clip1,157,208,2533.812
Clip1,NA,162,2250.927
Clip1,171,196,2673.63
Clip1,NA,195,4898.075
Clip1,259,197,2856.107
Clip1,NA,301,3117.813
Clip1,NA,192,4661.853
Clip1,219,200,2401.413
Clip1,212,221,2740.587
Clip1,155,148,846.688
Clip1,219,199,2690.625
Clip1,309,233,1602.625
Clip1,NA,308,5504.312
Clip1,265,310,1675.462
Clip1,421,223,3992.538
Clip1,NA,152,5149.608
Clip1,232,224,801.938
Clip1,NA,156,4371.375
Clip1,183,182,1650.688
Clip1,158,178,4554.313
Clip1,307,293,3981.25
Clip1,NA,223,4242
Clip1,288,213,3202.587
Clip1,NA,336,1780.796
Clip1,297,241,4371
Clip1,155,157,1088.937
Clip1,189,173,1100
Clip1,279,310,3594.125
Clip1,NA,248,2808.375
Clip1,529,272,3921.687
Clip1,147,149,1028.338
Clip1,159,154,994.5
Clip1,242,243,968.533
Clip1,NA,182,850.313
Clip1,167,124,946.172
Clip1,227,221,5129.562
Clip1,291,294,597.313
Clip1,NA,208,4149.875
Clip1,NA,189,3485.168
Clip1,NA,202,3554.644
Clip1,NA,260,5285.906
Clip1,129,217,2104.938
Clip1,NA,349,3707.25
Clip1,151,163,3508.187
Clip1,278,188,3576
Clip1,198,197,1600.477
Clip1,490,191,4302.563
Clip1,203,204,1190.798
Clip1,NA,195,1844.904
Clip1,NA,190,3149.563
Clip1,197,233,1819.875
Clip1,169,207,873.937
Clip1,252,174,3407.688
Clip1,102,161,1532.813
Clip1,223,192,3824.781
Clip1,254,176,2179.375
Clip1,NA,168,3976.421
Clip1,NA,163,2907.954
Clip1,NA,164,2047.125
Clip1,177,220,1748.312
Clip1,NA,162,2082.25
Clip1,211,220,2256
Clip1,158,161,932.687
Clip1,173,188,1749.5
Clip1,NA,166,4091.5
Clip1,NA,131,851.562
Clip1,NA,238,1865.375
Clip1,NA,189,3329.625
Clip10,310,246,1028.361
Clip10,301,285,526.875
Clip10,353,354,2149.998
Clip10,442,358,1623.97
Clip10,234,271,4725.961
Clip10,NA,353,3049.625
Clip10,370,367,1742.691
Clip10,299,339,3325.71
Clip10,336,341,1861.408
Clip10,312,223,979.75
Clip10,NA,263,2236.575
Clip10,394,374,4521.442
Clip11,NA,377,1222.084
Clip11,NA,306,2493.688
Clip11,372,371,680.8
Clip11,358,330,2603.448
Clip11,544,487,1726.914
Clip11,NA,338,1366.308
Clip11,331,332,774.71
Clip11,389,321,1242.18
Clip11,327,318,960.839
Clip11,333,331,780.255
Clip11,97,209,745.531
Clip11,308,309,971.558
Clip11,NA,302,3441.313
Clip11,NA,267,1359.412
Clip11,NA,265,1491.25
Clip11,248,243,908
Clip11,252,249,646.25
Clip11,302,360,1636.024
Clip11,183,305,3860.341
Clip11,354,342,1199.38
Clip13,424,325,4116.312
Clip13,250,242,757.875
Clip13,290,289,244.776
Clip13,NA,347,848.212
Clip13,285,227,1246.494
Clip13,274,376,2700.737
Clip13,346,357,3038.329
Clip13,302,303,1498.494
Clip13,NA,241,2305.83
Clip13,336,320,3610.426
Clip13,317,306,3752.833
Clip13,455,349,3678.312
Clip13,262,292,4680.938
Clip13,NA,347,3835.5
Clip13,352,353,1461.147
Clip13,353,355,1921.147
Clip13,339,251,1665.901
Clip13,328,330,7906.813
Clip13,400,385,4088.575
Clip13,280,272,1092.647
Clip13,NA,345,4531.87
Clip13,296,285,6752.48
Clip13,NA,289,3570.686
Clip13,NA,333,7233.201
Clip13,204,222,825.375
Clip13,380,347,1673.438
Clip13,135,263,2272.505
Clip13,89,103,1755.125
Clip13,300,270,1811.965
Clip13,237,263,4217.062
Clip13,298,292,1046.082
Clip13,212,214,1866.312
Clip13,413,147,5634.438
Clip13,398,398,2150.388
Clip13,395,389,2075.644
Clip13,107,107,382.637
Clip13,227,248,1168.588
Clip13,204,216,2171.875
Clip13,NA,362,3490.176
Clip13,NA,295,3533.949
Clip13,89,166,3671.801
Clip13,NA,329,3927.25
Clip13,399,339,7553.741
Clip13,NA,278,3517.265
Clip13,179,185,1679.231
Clip13,347,351,4025.234
Clip13,NA,350,4266.725
Clip13,176,176,4258.458
Clip13,177,176,4178.932
Clip13,539,132,1078.078
Clip13,269,125,1716.426
Clip13,135,136,2038.955
Clip13,NA,197,1705.651
Clip13,417,417,1129.635
Clip13,NA,269,1081.063
Clip13,119,132,1193.834
Clip13,330,379,3444.059
Clip13,97,350,3807.5
Clip13,NA,391,3665.542
Clip13,NA,320,3513.208
Clip13,402,395,1278.188
Clip13,377,380,1466.937
Clip13,NA,348,717.187
Clip13,NA,354,1888.017
Clip14,550,523,1345.811
Clip14,190,197,1185.312
Clip14,300,296,768.924
Clip14,200,318,851.342
Clip14,114,243,817.562
Clip14,329,324,901.326
Clip14,455,307,7984.056
Clip14,272,291,4799.467
Clip14,426,355,4704.563
Clip14,276,297,1753.875
Clip14,267,261,1760.401
Clip14,NA,280,2367.242
Clip14,519,456,3208.188
Clip14,297,343,1531.671
Clip14,242,251,1222.226
Clip14,271,270,1444.262
Clip14,NA,255,5103.607
Clip14,134,283,12230.89
Clip14,234,255,3357.343
Clip14,NA,209,1837.966
Clip14,NA,286,4811.104
Clip14,390,407,3702.48
Clip14,302,303,1295.757
Clip14,243,249,1907.596
Clip14,240,253,1780.717
Clip14,290,285,2683.89
Clip14,NA,281,4083.062
Clip14,350,288,10815.455
Clip14,94,250,3116.776
Clip14,NA,291,3733.937
Clip14,222,281,2095.75
Clip14,405,336,3304.668
Clip14,343,312,770.904
Clip14,342,295,1471.811
Clip14,298,307,1418.253
Clip14,NA,401,1992.493
Clip14,NA,405,1697.727
Clip14,505,380,629.063
Clip14,184,364,945.903
Clip14,438,349,753.842
Clip14,194,209,2050.432
Clip14,234,244,1583
Clip14,NA,272,3971.49
Clip14,NA,281,4185.034
Clip14,NA,291,4207.438
Clip14,237,280,1313.983
Clip14,234,246,1030.27
Clip14,287,297,1226.293
Clip14,NA,375,1832.549
Clip14,301,301,1076.735
Clip14,368,360,1664.773
Clip14,316,288,1051.456
Clip14,240,310,2368.554
Clip14,289,313,2386.874
Clip14,321,390,10524.215
Clip14,299,295,6089.984
Clip14,361,388,1277.062
Clip14,NA,398,2886.144
Clip14,344,331,1038.925
Clip14,NA,319,6877.307
Clip14,278,304,4324.813
Clip14,163,452,1353.667
Clip14,NA,348,6235.533
Clip14,NA,397,1843.313
Clip14,403,423,3153.752
Clip14,254,293,5103.991
Clip14,NA,408,3905.664
Clip14,404,404,1000.938
Clip14,350,335,3468.56
Clip14,252,264,1121.135
Clip14,303,295,2109.94
Clip14,290,287,2519.329
Clip15,473,304,2130.986
Clip15,NA,273,1402.306
Clip15,330,312,734.75
Clip15,265,281,1359.222
Clip15,NA,339,1394.562
Clip16,NA,208,3087.524
Clip16,185,279,908.902
Clip16,249,237,1869.741
Clip16,NA,289,782.687
Clip16,212,330,766.075
Clip16,212,237,873.375
Clip16,243,309,845.813
Clip16,NA,253,2869.533
Clip16,189,241,687.045
Clip16,197,292,802.194
Clip16,279,261,956.875
Clip16,193,290,799.906
Clip16,234,308,875.457
Clip16,247,241,1617.437
Clip16,226,216,1220.857
Clip16,185,210,389.529
Clip16,115,260,2924.062
Clip16,296,288,1268.549
Clip16,344,332,891.114
Clip16,NA,234,2409.625
Clip16,199,214,872.397
Clip16,347,302,1713.929
Clip16,333,241,1530.75
Clip16,329,266,1476.521
Clip16,NA,328,1002.155
Clip16,208,252,1029.788
Clip16,NA,305,940.875
Clip16,239,222,940.879
Clip16,265,261,1069.625
Clip16,233,269,838.758
Clip16,NA,317,775.016
Clip16,107,281,847.313
Clip16,481,470,1621.25
Clip16,203,303,867.083
Clip16,194,305,805.027
Clip16,208,336,853.5
Clip16,233,230,1981.818
Clip16,212,295,774.312
Clip16,92,313,798.563
Clip16,203,266,821.687
Clip16,194,263,763.186
Clip16,287,283,931.959
Clip16,344,285,1147.625
Clip16,NA,392,627.913
Clip16,165,310,803.849
Clip16,179,251,740.859
Clip16,513,510,2180.562
Clip16,NA,291,1992.754
Clip16,155,299,1506.18
Clip16,141,151,843.98
Clip16,187,271,822.068
Clip16,181,231,823.416
Clip16,193,302,905.875
Clip16,222,287,1038.188
Clip16,NA,312,1029.441
Clip16,NA,288,863.513
Clip16,167,280,800.297
Clip16,175,266,934.871
Clip16,311,302,1180.313
Clip16,NA,442,596.902
Clip16,276,249,753.09
Clip16,284,219,2420.5
Clip16,159,169,1116.25
Clip16,263,331,3015.816
Clip16,241,317,2929.062
Clip16,300,290,554.986
Clip16,295,288,564.084
Clip16,182,209,798.938
Clip16,NA,236,1914.702
Clip16,NA,248,1806.813
Clip16,336,271,3995.125
Clip16,NA,334,731.062
Clip16,NA,310,1817.804
Clip16,474,488,584.937
Clip16,282,253,2692.034
Clip16,NA,244,3690.945
Clip16,292,265,3123.709
Clip16,NA,278,3670.022
Clip16,NA,223,3814.4
Clip16,NA,236,3447.766
Clip16,NA,241,4481.147
Clip17,420,346,1793.126
Clip17,430,296,1761.98
Clip17,368,413,3450.382
Clip17,NA,301,3651.375
Clip17,336,337,3804.047
Clip17,515,302,2972.481
Clip17,254,263,3835.938
Clip17,283,285,3499.312
Clip17,256,271,3576.438
Clip17,343,261,3133.313
Clip17,445,372,2145.12
Clip17,NA,274,5330.062
Clip17,145,336,3301.873
Clip17,NA,298,3874.689
Clip17,352,327,10376.75
Clip17,334,320,7972.938
Clip17,NA,199,3851.783
Clip17,NA,291,3564.717
Clip17,307,338,1964.035
Clip17,312,339,5671.941
Clip17,NA,231,3675.678
Clip17,262,283,3685.96
Clip17,NA,288,8139.18
Clip17,,,
Clip17,279,4457.587,
Clip17,366,315,12103.663
Clip17,337,387,3939.258
Clip17,402,388,7070.375
Clip17,NA,445,4511.313
Clip17,411,284,4877.382
Clip17,NA,330,3666.092
Clip17,358,359,3824.159
Clip17,391,394,3456.312
Clip17,333,375,3449.313
Clip17,NA,352,5091.364
Clip17,355,371,1828.765
Clip17,367,269,3669.438
Clip17,228,312,5292.998
Clip17,186,158,790.106
Clip17,269,324,7540.562
Clip17,113,212,1718.987
Clip17,NA,280,4950.72
Clip17,277,277,3951.405
Clip17,241,248,3737.125
Clip17,300,278,2961.312
Clip17,NA,355,2624.459
Clip17,224,246,3072.177
Clip17,428,416,4254.25
Clip17,223,238,9906.875
Clip17,400,315,6529.299
Clip17,360,322,2920.744
Clip17,241,249,3090.631
Clip17,364,263,5332.671
Clip17,321,328,1132.37
Clip17,NA,376,1722.488
Clip17,NA,277,4715.75
Clip18,260,235,1715.488
Clip18,172,175,1389.746
Clip18,269,268,2918.248
Clip18,232,237,542.625
Clip18,290,289,777.04
Clip18,332,235,2646.313
Clip18,279,244,3902.938
Clip18,343,280,2225.313
Clip18,NA,253,2674.495
Clip18,285,289,3582.305
Clip18,454,279,6809.539
Clip18,247,242,3973.301
Clip18,NA,229,562.165
Clip18,NA,190,2535.699
Clip18,230,229,4766.676
Clip18,NA,267,1104.15
Clip18,440,304,2784.005
Clip18,400,300,2813.714
Clip18,NA,250,7341.833
Clip18,NA,347,3626.754
Clip18,247,308,1895.71
Clip18,448,323,3173.135
Clip18,345,289,6329.227
Clip18,NA,248,1045.526
Clip18,320,310,1524.692
Clip18,338,415,1463.884
Clip18,418,418,2613.19
Clip18,NA,263,1084.198
Clip18,226,274,1230.054
Clip18,NA,274,7215.625
Clip18,NA,237,1967.312
Clip18,NA,245,874.456
Clip18,327,271,2975.076
Clip18,NA,238,2465.298
Clip18,NA,385,1830.788
Clip18,NA,295,3507.813
Clip18,359,261,3417.375
Clip18,207,230,3805.438
Clip18,NA,219,2317.062
Clip18,296,259,3396.274
Clip18,246,256,3204.5
Clip18,325,257,613.937
Clip18,NA,218,2011.918
Clip18,346,267,2962.187
Clip18,262,268,6401.267
Clip18,277,221,4018.535
Clip18,344,381,339.937
Clip18,311,321,2043.225
Clip18,205,229,2895.502
Clip18,203,201,1846.031
Clip18,282,265,1765.867
Clip18,NA,295,3200.9
Clip18,335,340,1507.739
Clip18,284,240,1223.79
Clip18,NA,236,1755.75
Clip18,289,298,435.937
Clip18,283,335,2164.375
Clip18,354,252,3681.313
Clip18,280,254,2294.88
Clip18,270,263,987.911
Clip18,206,220,1156.027
Clip18,314,291,3667.815
Clip18,NA,282,4027.438
Clip18,226,234,3577.75
Clip18,NA,211,1618.065
Clip18,NA,218,2073.125
Clip18,423,205,2129.427
Clip18,297,299,3004.836
Clip18,297,252,1519.167
Clip19,NA,315,1187
Clip19,259,345,2689.626
Clip19,330,278,1687.701
Clip19,281,365,2833.574
Clip19,228,257,897.195
Clip19,NA,412,1923.5
Clip19,375,301,1302.328
Clip19,233,225,475.562
Clip19,249,239,1179.625
Clip19,228,256,822.283
Clip19,258,257,901.544
Clip19,245,267,1337.629
Clip19,213,236,766.075
Clip19,157,239,2064.506
Clip19,259,260,1183.625
Clip19,216,237,1023.188
Clip2,192,176,503.583
Clip2,329,321,3127.232
Clip2,NA,351,904.26
Clip2,332,385,1073.809
Clip2,414,415,772.389
Clip2,367,410,1281.035
Clip2,163,177,998.454
Clip2,384,376,810.066
Clip2,NA,169,885.421
Clip2,229,182,4031.492
Clip2,188,193,2486.715
Clip2,NA,366,2545.301
Clip2,317,303,855.093
Clip2,359,316,1036.131
Clip2,187,172,5011.107
Clip2,193,192,2825.812
Clip2,172,182,3541.685
Clip2,276,259,1507.1
Clip2,206,222,6643.463
Clip2,157,188,3234.625
Clip2,NA,214,2764.439
Clip2,480,449,1124.972
Clip2,398,412,2119.062
Clip2,NA,404,3003.188
Clip2,NA,427,3398.976
Clip2,NA,320,633.112
Clip2,NA,279,2813.063
Clip2,203,194,3905.995
Clip2,181,220,3703.271
Clip2,484,396,500.762
Clip2,219,214,5351.695
Clip2,252,258,1115.875
Clip2,NA,139,432.437
Clip2,184,219,2105.243
Clip2,NA,275,2258.625
Clip2,NA,470,2077.426
Clip2,446,461,692.014
Clip2,NA,473,1015.411
Clip2,355,353,987.437
Clip2,NA,295,1096.625
Clip2,286,292,1420.375
Clip2,238,236,6504.375
Clip2,NA,204,1874.455
Clip2,322,389,1278.125
Clip2,282,292,1373.233
Clip2,337,328,363.736
Clip2,NA,251,3728.437
Clip2,NA,236,3678.063
Clip2,261,250,2138.328
Clip2,364,383,3410.151
Clip2,360,377,1477.062
Clip2,NA,207,2118.188
Clip2,198,200,7902.125
Clip2,137,142,829.475
Clip2,495,450,1994.668
Clip2,321,302,3129.203
Clip2,238,224,2209.304
Clip2,255,256,1915.491
Clip2,NA,356,3140.536
Clip2,282,253,7464.902
Clip2,160,170,1488.261
Clip2,382,377,1978.069
Clip2,269,299,355.25
Clip2,NA,213,1670.437
Clip2,178,218,1349.437
Clip2,180,288,5199.125
Clip2,NA,460,2600.037
Clip2,170,173,1678.812
Clip2,NA,229,1550.226
Clip2,150,253,3161.75
Clip2,208,217,869.175
Clip2,426,390,3334.458
Clip2,487,278,2597.25
Clip2,NA,344,1796.723
Clip2,158,160,1544.625
Clip2,NA,350,1725.175
Clip2,254,226,2296.813
Clip2,180,262,3332.188
Clip2,237,240,746.25
Clip2,144,147,1589.688
Clip2,318,319,3650.688
Clip2,130,338,432.062
Clip2,411,448,1241.938
Clip2,416,425,843.75
Clip2,214,211,2449.037
Clip2,294,240,2591.747
Clip2,292,290,2539.75
Clip2,NA,364,2777.938
Clip2,548,486,1785.062
Clip2,NA,369,1478.842
Clip2,274,274,2290.03
Clip2,335,331,2372.75
Clip20,150,162,618.375
Clip20,176,206,573.062
Clip20,NA,274,2622.673
Clip20,174,188,1872.938
Clip20,NA,228,861.833
Clip20,157,185,4422.788
Clip20,199,196,1993.875
Clip20,NA,186,2854.388
Clip20,200,199,1874.125
Clip20,175,210,1952.72
Clip20,184,179,344.392
Clip20,NA,303,2484.063
Clip20,NA,NA,521.062
Clip20,187,213,3150.813
Clip20,NA,227,2148.625
Clip20,NA,199,972.614
Clip20,NA,200,749.562
Clip20,NA,233,587.063
Clip20,NA,280,670.662
Clip20,194,206,1006
Clip20,NA,282,794.499
Clip20,NA,215,1352.018
Clip20,515,287,2424.159
Clip20,109,127,764.764
Clip20,193,185,1247.192
Clip20,NA,217,1561.157
Clip20,110,266,1424.019
Clip20,241,254,1032.5
Clip20,271,187,1222.014
Clip20,160,181,1415.29
Clip20,NA,213,335.763
Clip20,NA,239,2635.816
Clip20,230,229,1008.373
Clip20,NA,205,1865.824
Clip20,NA,119,1424.563
Clip20,NA,167,2781.846
Clip20,104,97,3040.176
Clip20,NA,108,2060.432
Clip20,223,224,390.688
Clip20,235,234,874.375
Clip20,162,168,913
Clip20,211,280,1035.023
Clip20,214,216,2922.174
Clip20,258,227,1224.213
Clip21,200,189,455.312
Clip21,215,214,803.528
Clip21,205,241,2722.948
Clip21,210,217,588.813
Clip21,204,211,4468.407
Clip21,280,245,3598.75
Clip21,201,216,3791.625
Clip21,NA,235,1808.52
Clip21,213,200,408.51
Clip21,258,227,1642.844
Clip21,208,227,488.507
Clip21,590,342,2848.438
Clip21,NA,228,1648.39
Clip21,262,251,768.817
Clip21,262,301,3026.25
Clip21,152,187,728.672
Clip21,196,248,2081.682
Clip21,220,199,1593.687
Clip21,227,277,2278.418
Clip21,NA,192,2138.198
Clip21,224,215,1761.423
Clip21,186,185,489.807
Clip21,187,205,4163.286
Clip21,205,226,608.874
Clip21,212,202,5510.334
Clip21,216,235,1940.391
Clip21,NA,216,1620.132
Clip21,NA,198,1038.951
Clip21,NA,256,1854.147
Clip21,191,200,529.338
Clip21,226,225,549.375
Clip21,NA,200,1808.52
Clip21,209,232,879.394
Clip21,201,129,600.121
Clip21,291,253,3708.233
Clip21,308,280,819.365
Clip21,91,225,5142.604
Clip21,205,217,2059.371
Clip21,NA,188,2084.438
Clip21,180,198,4768.908
Clip21,NA,197,1509.467
Clip21,285,216,2573.312
Clip21,NA,197,2143.024
Clip21,211,250,2970.127
Clip21,NA,219,5508.312
Clip21,213,212,1667.23
Clip21,212,210,1339.375
Clip21,198,204,954.416
Clip21,104,142,1378.25
Clip21,93,93,489.377
Clip21,190,216,2999.25
Clip21,NA,229,3189.224
Clip21,216,202,1678.75
Clip21,240,235,1299.874
Clip21,169,220,649.076
Clip21,NA,220,1749.346
Clip21,188,243,2409.195
Clip21,199,220,1127.946
Clip21,NA,215,2289.375
Clip21,261,248,1499.062
Clip22,NA,356,754.852
Clip22,NA,NA,429.594
Clip22,NA,315,1686.068
Clip22,NA,210,3642.429
Clip22,NA,323,2698.758
Clip22,NA,192,1869.499
Clip22,NA,84,1428.624
Clip22,NA,252,692.051
Clip22,NA,227,928.286
Clip22,NA,195,1682.433
Clip22,NA,229,593.488
Clip22,NA,202,1496.749
Clip22,252,221,1384.648
Clip22,NA,263,2413.51
Clip22,NA,211,2079.532
Clip22,NA,196,2109.136
Clip22,560,219,1803.462
Clip22,263,293,1185.491
Clip22,NA,247,929.9
Clip22,NA,116,877.625
Clip22,NA,192,770.241
Clip22,NA,229,806.09
Clip22,269,268,1111.834
Clip22,397,308,1186.494
Clip22,242,253,1629.552
Clip22,NA,292,1995.563
Clip22,NA,247,4075.607
Clip22,219,215,831.559
Clip22,NA,236,876.002
Clip22,405,276,2721.309
Clip22,NA,264,2409.724
Clip22,211,204,734.711
Clip22,263,263,1093.304
Clip22,NA,218,6553.634
Clip22,98,98,635.596
Clip22,NA,215,1508.437
Clip22,225,209,1525.939
Clip22,214,223,1896.889
Clip22,NA,224,3424.811
Clip22,NA,191,951.952
Clip22,NA,255,1724.683
Clip22,240,289,1941.603
Clip23,NA,282,2440.438
Clip23,NA,272,814.125
Clip23,NA,367,1087.25
Clip23,NA,239,1054.97
Clip23,NA,219,793.187
Clip23,196,200,337.726
Clip23,215,208,1171.536
Clip23,NA,243,3843.105
Clip23,NA,235,2989.313
Clip23,229,230,873.858
Clip23,NA,252,2806.974
Clip23,NA,210,3376.063
Clip23,282,282,924.688
Clip23,337,337,905.97
Clip23,199,254,1455.75
Clip23,279,270,2667.625
Clip23,248,237,2770.375
Clip23,NA,312,1678.782
Clip23,NA,190,2312.146
Clip23,NA,200,1107.977
Clip23,223,237,2250.441
Clip23,219,209,775.261
Clip23,NA,182,2040.312
Clip23,NA,207,792.853
Clip23,218,278,4034.724
Clip23,NA,253,703.25
Clip23,292,300,1636.024
Clip23,183,284,2472.319
Clip23,243,232,1569.125
Clip23,NA,234,445.284
Clip23,207,261,4013.812
Clip23,302,340,532.357
Clip23,NA,224,1691.875
Clip23,336,336,3142.438
Clip23,174,179,1916.318
Clip23,NA,198,2190.894
Clip23,NA,315,3381.937
Clip23,NA,NA,893.455
Clip23,269,265,1778.851
Clip23,277,220,1288.437
Clip23,NA,255,1214.938
Clip23,NA,121,341.514
Clip23,NA,NA,1356.213
Clip23,NA,244,395.985
Clip23,NA,209,625.293
Clip23,NA,295,3947.231
Clip23,385,265,3130.562
Clip23,NA,270,1374.952
Clip23,NA,273,1434.933
Clip23,310,306,1113.224
Clip23,NA,319,871.362
Clip23,305,267,1294.059
Clip24,NA,242,3747.113
Clip24,NA,243,6515.509
Clip24,NA,254,2533.607
Clip24,338,272,5610.647
Clip24,305,298,2285.239
Clip24,NA,154,862.812
Clip24,NA,234,2267.875
Clip24,NA,224,1038.745
Clip24,NA,268,1513.968
Clip24,NA,219,622.438
Clip24,NA,348,2587.353
Clip24,363,289,1157.562
Clip24,90,205,822.938
Clip24,252,246,1817.804
Clip24,NA,199,716.248
Clip24,150,164,3060.415
Clip24,NA,283,3973.2
Clip24,NA,246,2911.83
Clip24,NA,236,3184.597
Clip24,NA,246,4556.154
Clip24,NA,232,1571.208
Clip24,NA,284,2428.067
Clip24,NA,208,989.904
Clip24,NA,264,1578.153
Clip24,NA,NA,1103.667
Clip24,301,217,2048.109
Clip24,NA,127,455.692
Clip24,NA,211,2428.067
Clip24,NA,219,2836.938
Clip24,,,
Clip24,NA,326,7809.538
Clip24,NA,293,2174.421
Clip24,NA,231,837.569
Clip24,297,287,577.57
Clip24,185,217,1782.43
Clip24,193,203,1615.473
Clip24,107,257,2546.953
Clip24,356,270,3207.126
Clip24,NA,284,5990.939
Clip24,NA,182,2246.599
Clip24,NA,262,2233.302
Clip24,NA,264,840.937
Clip24,NA,233,1376.186
Clip24,NA,252,2640.678
Clip24,NA,236,1869.741
Clip24,217,218,711.375
Clip24,NA,250,3204.375
Clip24,299,275,2995.313
Clip24,269,236,1218.81
Clip24,NA,204,4574.118
Clip24,217,213,343.242
Clip24,NA,360,1848.906
Clip24,NA,271,3274.925
Clip24,NA,332,1558.118
Clip25,303,291,871.237
Clip25,NA,233,3843.357
Clip25,NA,246,5596.5
Clip25,367,356,8453.802
Clip25,219,197,5256.658
Clip25,190,189,4631.625
Clip25,249,239,4244.813
Clip25,296,294,2837.503
Clip25,NA,270,4206.918
Clip25,428,338,324.608
Clip25,243,268,461.813
Clip25,223,229,1012.776
Clip25,224,215,409.563
Clip25,280,239,691.75
Clip25,474,262,1113.395
Clip25,171,250,635
Clip25,259,252,2004
Clip25,286,223,2480.004
Clip25,206,196,1560.192
Clip25,191,192,1552.489
Clip25,NA,282,2960.424
Clip25,NA,285,2245.747
Clip25,499,419,3596.655
Clip25,230,216,4395.279
Clip25,NA,406,1921.678
Clip25,277,280,2544.813
Clip25,405,406,1545.133
Clip25,NA,273,1741.375
Clip25,269,256,996.439
Clip25,216,217,2867.212
Clip25,234,278,3693.875
Clip25,299,261,1273
Clip25,NA,239,5358.125
Clip25,253,274,1540.737
Clip25,306,294,1825
Clip25,258,258,1355.173
Clip25,NA,234,943.334
Clip25,388,248,3854.262
Clip25,NA,247,6342.643
Clip25,NA,272,3507.737
Clip25,277,239,2402.098
Clip25,NA,247,2142.412
Clip25,NA,232,5060.15
Clip25,599,557,2512.062
Clip25,337,434,3427.592
Clip25,360,355,777.625
Clip25,287,268,605
Clip26,427,437,2308.613
Clip26,348,352,1372.125
Clip26,277,322,4023.373
Clip26,460,428,4198.99
Clip26,352,365,824.198
Clip26,212,392,2631.839
Clip26,398,293,2755.474
Clip26,359,282,610.263
Clip26,446,394,1394.056
Clip26,211,217,861.323
Clip26,NA,273,1094.694
Clip26,286,257,2518.957
Clip26,NA,284,3921.263
Clip26,301,289,1126.5
Clip26,305,297,1377.188
Clip26,376,240,2683.25
Clip26,259,257,1238.75
Clip26,240,269,3451.104
Clip26,NA,281,381.947
Clip26,97,97,379.125
Clip26,271,316,543.375
Clip26,197,196,587.187
Clip26,NA,245,1785.687
Clip26,262,243,609.5
Clip26,NA,225,636.231
Clip26,199,233,5997.899
Clip26,NA,188,1077.469
Clip26,153,210,1376.337
Clip26,260,251,1179.125
Clip26,245,258,2014.875
Clip26,NA,230,4746.313
Clip26,182,215,2302.688
Clip26,175,204,1726.914
Clip26,356,245,1687.961
Clip26,297,241,1350.369
Clip26,318,403,1401.912
Clip26,179,222,1720.25
Clip26,237,267,6017.063
Clip26,476,466,1277
Clip26,512,405,2186.875
Clip26,445,374,1177.25
Clip26,NA,226,2406.563
Clip26,336,325,858.937
Clip26,513,429,454.451
Clip26,352,352,812.111
Clip26,313,343,916.439
Clip26,301,338,1180.132
Clip26,352,304,537.233
Clip26,185,327,1508.181
Clip26,257,253,383.407
Clip26,NA,223,1244.687
Clip26,288,275,975.909
Clip26,177,198,1170.902
Clip26,172,197,1129.635
Clip26,NA,186,632.968
Clip26,231,305,1321.228
Clip26,356,305,1748.25
Clip26,376,294,2218.688
Clip26,270,272,458.438
Clip26,354,318,737.938
Clip26,NA,197,666.388
Clip26,NA,306,3407.187
Clip26,NA,306,3763.437
Clip26,177,174,251.75
Clip26,357,316,778.223
Clip26,NA,271,1742.125
Clip26,327,305,2551.434
Clip26,265,268,1033.062
Clip26,280,285,608.166
Clip26,266,266,1057.368
Clip26,203,251,3868.875
Clip26,244,241,3656.263
Clip26,191,244,4329.09
Clip26,234,232,988.472
Clip26,136,308,5354.437
Clip26,209,226,1919.813
Clip26,194,208,3641.265
Clip26,368,225,3233.094
Clip26,298,230,963.813
Clip26,247,240,714.588
Clip26,381,317,1037.275
Clip26,160,160,376.008
Clip27,239,240,4040.265
Clip27,236,212,4245.096
Clip27,304,261,3830.414
Clip27,220,218,581.609
Clip27,349,321,741.28
Clip27,427,405,649.25
Clip27,NA,295,2556.812
Clip27,195,207,1189.844
Clip27,193,197,1945.813
Clip27,347,371,6791.5
Clip27,NA,240,3871.563
Clip27,NA,219,4154.98
Clip27,243,194,1124.772
Clip27,218,229,1212.688
Clip27,NA,294,3021.142
Clip27,419,243,5009.928
Clip27,NA,249,5337.629
Clip27,379,315,9374.865
Clip27,326,322,461.75
Clip27,NA,166,1025.761
Clip27,200,176,983.348
Clip27,208,184,569.016
Clip27,NA,163,1311.039
Clip27,169,167,380.813
Clip27,171,170,1352.615
Clip27,205,209,404.173
Clip27,255,298,2220.318
Clip27,171,246,3337.5
Clip27,NA,328,3080.875
Clip27,201,186,835.625
Clip27,346,329,319.688
Clip27,222,239,1398.75
Clip27,314,292,494.812
Clip27,NA,198,804.267
Clip27,278,257,1265.562
Clip27,298,257,516.961
Clip27,184,179,1167.625
Clip27,174,178,1183.012
Clip28,292,296,2586.749
Clip28,NA,259,9679.823
Clip28,360,274,4710.966
Clip28,267,262,4233.188
Clip28,NA,220,9335.375
Clip28,NA,220,4459.312
Clip28,335,306,4683.375
Clip28,NA,234,8835.062
Clip28,362,287,4085.207
Clip28,228,264,4779.208
Clip28,NA,223,8596.046
Clip28,273,252,3766.104
Clip28,343,306,4791.389
Clip28,230,224,2349.187
Clip28,329,339,4603.378
Clip28,NA,275,4362.588
Clip28,275,265,4249.75
Clip28,NA,231,9095.457
Clip28,280,273,3962.437
Clip28,347,311,4897.062
Clip28,NA,242,9627.112
Clip28,375,297,4153.07
Clip28,273,272,4194.937
Clip28,NA,219,8526
Clip28,NA,227,3419.796
Clip28,229,243,3590.792
Clip28,NA,219,3456.52
Clip28,NA,258,7258.217
Clip28,230,241,3473.269
Clip28,180,224,3418.003
Clip28,NA,271,3836.157
Clip28,302,301,1713.64
Clip28,267,269,5465.331
Clip28,212,249,5959.498
Clip28,NA,271,7256.438
Clip28,NA,261,7084.18
Clip28,,,
Clip28,354,269,3154.875
Clip28,NA,275,6269.23
Clip28,346,270,3025.258
Clip28,313,264,2980.883
Clip28,293,280,6202.937
Clip28,307,303,2955.312
Clip28,222,239,2932.096
Clip28,297,300,2788.504
Clip28,276,272,3006.875
Clip28,170,219,3513.75
Clip28,223,264,3639.537
Clip28,NA,218,3604.263
Clip28,264,276,3947.063
Clip28,NA,224,8268.584
Clip28,227,230,3633.438
Clip28,274,229,3818.312
Clip28,202,202,2619.375
Clip29,240,214,307.2
Clip29,275,299,557.155
Clip29,396,368,2936.147
Clip29,248,256,1035
Clip29,312,315,800.434
Clip29,NA,303,2619
Clip29,213,302,2040.5
Clip29,NA,377,3377.757
Clip29,332,354,4680.875
Clip29,303,290,701.937
Clip29,255,273,1909.063
Clip29,289,323,1005
Clip29,NA,364,2817.238
Clip29,255,266,2604.574
Clip29,222,218,2717.415
Clip29,NA,239,699.101
Clip29,NA,269,700.676
Clip29,252,247,1140.875
Clip29,331,321,751.309
Clip29,NA,394,1076.905
Clip29,346,364,827.187
Clip29,405,407,2342.125
Clip29,509,529,2485.702
Clip29,568,266,4231.908
Clip29,447,436,3088.089
Clip29,226,239,744.787
Clip29,485,290,3357.067
Clip29,463,262,3275.539
Clip29,377,364,1055
Clip29,383,383,884.438
Clip29,322,314,1420.188
Clip29,333,329,1503.438
Clip29,NA,304,1354.437
Clip29,307,286,3296.25
Clip29,300,306,604.625
Clip29,343,292,1279.063
Clip29,NA,304,1486.813
Clip29,NA,NA,713.734
Clip29,NA,NA,1637.76
Clip29,229,269,1627.245
Clip29,NA,350,1789.513
Clip29,NA,200,938.25
Clip29,241,350,1742.683
Clip29,NA,386,866.602
Clip3,300,272,1921.552
Clip3,NA,205,3460.754
Clip3,NA,249,4388.802
Clip3,NA,221,5444.398
Clip3,203,205,1086.875
Clip3,324,325,940.452
Clip3,256,236,3618.625
Clip3,NA,246,864.23
Clip3,NA,288,1761.151
Clip3,NA,281,3604.875
Clip3,206,233,1416.627
Clip3,NA,248,1544.704
Clip3,NA,277,2136.431
Clip3,304,264,2213.553
Clip3,138,149,1764.755
Clip3,233,136,1105.25
Clip3,269,267,660.875
Clip3,NA,256,856.187
Clip3,NA,258,3257.034
Clip3,236,192,1225.938
Clip3,313,251,1150.25
Clip3,NA,214,2659.563
Clip3,NA,303,3531.375
Clip3,331,357,3342.688
Clip3,112,391,7633.062
Clip3,307,290,6179.688
Clip3,NA,226,2737.875
Clip3,393,420,4465.5
Clip3,462,390,5292.438
Clip3,249,280,12378.005
Clip3,324,288,12349.722
Clip3,343,289,4212.713
Clip3,214,254,8597.938
Clip3,370,286,487.5
Clip3,NA,212,902.125
Clip3,444,412,3553.862
Clip3,412,378,3963.5
Clip3,NA,373,3645.199
Clip3,NA,376,6036.37
Clip3,352,354,2950.532
Clip3,357,355,2637.25
Clip3,509,397,2984.313
Clip3,475,469,2680.625
Clip3,347,344,1414.625
Clip3,232,89,795.781
Clip3,273,262,3533.902
Clip3,235,184,1880.101
Clip3,310,312,3911.453
Clip3,NA,217,1650.145
Clip3,302,245,3551
Clip3,265,388,4945.724
Clip3,NA,427,4011
Clip3,NA,394,1448.5
Clip3,NA,406,994.419
Clip3,NA,250,2664.559
Clip3,NA,271,7109.188
Clip3,257,244,2189.062
Clip3,250,234,2136.104
Clip3,211,226,3340.469
Clip30,201,243,1563.774
Clip30,305,207,3004.103
Clip30,290,243,901.813
Clip30,166,191,889.173
Clip30,231,227,4010.75
Clip30,249,218,4586.187
Clip30,NA,249,1683.062
Clip30,NA,227,12718.625
Clip30,230,226,2472.554
Clip30,229,238,698.57
Clip30,NA,207,1520.688
Clip30,186,196,1574.375
Clip30,NA,327,889.894
Clip30,NA,247,1901.653
Clip30,146,211,3137.725
Clip30,NA,281,725.813
Clip30,NA,253,2207.437
Clip30,265,260,7970.187
Clip30,438,271,3343.187
Clip30,NA,276,7028.53
Clip30,271,301,1001.812
Clip30,221,188,1561.063
Clip30,161,253,5267.25
Clip30,NA,239,2858.089
Clip30,NA,240,1088.554
Clip30,NA,228,4799.981
Clip30,NA,256,8144.375
Clip30,172,194,982.563
Clip30,278,285,1800
Clip30,NA,202,2046.687
Clip30,223,233,4706.945
Clip30,444,269,4789.562
Clip30,NA,243,780.187
Clip30,NA,172,2431.573
Clip30,NA,216,1883.637
Clip30,121,116,1848.496
Clip30,107,109,685.698
Clip30,NA,117,1279.492
Clip30,NA,341,2989.559
Clip30,NA,122,2079.795
Clip30,142,142,1645.625
Clip30,247,156,2762.776
Clip30,151,169,2116.187
Clip30,200,222,2502.121
Clip30,NA,129,2053.536
Clip30,233,255,5417.263
Clip30,NA,234,5450.904
Clip30,NA,199,2609.847
Clip30,274,251,1660.449
Clip31,428,434,1245.688
Clip31,NA,228,2116.476
Clip31,204,187,2331.833
Clip31,168,174,694.938
Clip31,128,131,894.625
Clip31,148,149,860.75
Clip31,NA,248,925.326
Clip31,NA,156,2504.943
Clip31,200,197,2495.407
Clip31,140,174,1297.55
Clip31,NA,171,1406.204
Clip31,NA,95,1078.482
Clip31,233,227,3837.156
Clip31,132,153,335.98
Clip31,123,149,342.08
Clip31,146,151,362.297
Clip31,154,146,339.687
Clip31,NA,160,963.228
Clip31,156,161,1350.187
Clip31,142,186,571.31
Clip31,173,179,3416.988
Clip31,218,204,877.89
Clip31,NA,166,1142.62
Clip31,114,146,415.498
Clip31,159,167,1739.898
Clip31,NA,152,848.548
Clip31,131,161,393.55
Clip31,NA,138,383.472
Clip31,NA,147,413.809
Clip31,134,174,2583.878
Clip31,NA,150,1722.977
Clip31,NA,141,488.252
Clip31,150,153,285.655
Clip31,NA,148,367.835
Clip31,NA,155,1739.898
Clip31,NA,100,2009.765
Clip31,NA,170,1789.034
Clip31,144,153,685.09
Clip31,150,160,1272.463
Clip31,135,141,925.114
Clip31,150,155,337.592
Clip31,NA,210,6643.903
Clip31,165,104,628.702
Clip31,NA,147,558.326
Clip31,NA,158,2248.43
Clip31,NA,225,2821.877
Clip31,164,180,2969.276
Clip31,175,163,746.92
Clip31,148,157,546.871
Clip31,NA,231,2134.35
Clip31,NA,150,805.027
Clip31,NA,233,2179.499
Clip31,NA,147,1233.51
Clip31,NA,144,547.455
Clip31,144,152,361.513
Clip31,434,221,1310.676
Clip31,150,159,327.405
Clip31,144,150,480.361
Clip31,127,223,2921.471
Clip31,157,156,2102.919
Clip31,153,150,366.178
Clip31,92,84,628.856
Clip31,NA,160,686.906
Clip31,150,151,1045.331
Clip31,147,162,531.186
Clip31,311,212,2389.125
Clip31,300,271,1376.337
Clip31,151,154,970.152
Clip31,NA,285,2246.286
Clip31,NA,162,2077.49
Clip31,NA,150,597.812
Clip31,NA,191,7219.364
Clip32,442,157,624.806
Clip32,287,200,1167.563
Clip32,200,184,5294.938
Clip32,NA,206,1040.859
Clip32,NA,250,5396.4
Clip32,350,350,1635.687
Clip32,NA,235,5833.774
Clip32,NA,238,5149.496
Clip32,NA,217,4095.438
Clip32,106,208,12142.313
Clip32,NA,202,2796.145
Clip32,NA,231,5008.686
Clip32,NA,187,3538.063
Clip32,513,530,715.989
Clip32,383,189,3056.921
Clip32,NA,232,8993.25
Clip32,NA,308,2449.938
Clip32,268,218,1737.313
Clip32,167,158,2548.922
Clip32,NA,262,3640.953
Clip32,414,335,758
Clip32,156,225,9399.5
Clip32,195,196,1478.681
Clip32,169,127,2791.628
Clip32,165,219,446.955
Clip32,NA,528,601.419
Clip32,418,421,661.979
Clip32,269,259,509.688
Clip32,250,190,1670.938
Clip32,166,181,5184.312
Clip32,NA,219,4905.563
Clip32,234,225,1585.866
Clip32,237,203,1420.867
Clip32,141,143,599.873
Clip32,NA,180,2144.188
Clip32,NA,206,4092.75
Clip32,156,153,298.639
Clip32,143,146,402.514
Clip32,140,147,425.378
Clip32,250,257,2817.751
Clip32,140,140,869.118
Clip32,420,171,557.347
Clip32,111,132,1674.977
Clip32,NA,157,2632.563
Clip32,NA,151,1850.269
Clip32,181,209,2256.382
Clip33,250,221,2709.313
Clip33,NA,287,3618.125
Clip33,277,341,2943.622
Clip33,NA,281,3387.188
Clip33,301,232,4388.189
Clip33,244,222,1488.759
Clip33,291,296,1538.75
Clip33,NA,272,2628.819
Clip33,210,238,4824.387
Clip33,287,289,7833.481
Clip33,NA,308,6784.769
Clip33,NA,308,3790.246
Clip33,248,290,1411.89
Clip33,NA,357,7196.273
Clip33,NA,309,851.342
Clip33,NA,253,1677.128
Clip33,224,203,1182.544
Clip33,256,251,1854.957
Clip33,NA,323,2935.111
Clip33,487,490,2177.688
Clip33,NA,250,2765.937
Clip33,379,402,2048.899
Clip33,441,421,815.5
Clip33,NA,431,2623.75
Clip33,452,453,1081.5
Clip33,NA,230,1341.188
Clip33,215,217,2004.803
Clip33,184,176,693.374
Clip33,215,210,1793.533
Clip33,237,271,447.937
Clip33,214,396,2972.481
Clip33,334,321,2356.454
Clip33,277,334,3370.25
Clip33,NA,331,3240.525
Clip33,321,323,1489.336
Clip33,NA,240,2425.207
Clip33,NA,311,3552.313
Clip33,295,319,2974.375
Clip33,NA,259,712.895
Clip33,NA,181,1612.121
Clip33,454,434,2801.307
Clip33,273,291,3152.099
Clip33,259,328,1807.754
Clip33,220,253,2984.699
Clip33,338,322,3139.253
Clip33,NA,284,622.861
Clip33,NA,327,812.5
Clip33,NA,197,2546.562
Clip33,385,370,436.018
Clip33,197,251,1616.106
Clip33,NA,414,2192.75
Clip33,NA,201,1969.313
Clip33,469,471,966.778
Clip33,173,178,403.437
Clip33,NA,224,730.937
Clip33,NA,194,2858.501
Clip33,NA,192,3924.15
Clip33,271,281,3797.625
Clip34,113,238,1960.812
Clip34,441,335,4466.604
Clip34,271,252,4518.541
Clip34,NA,194,2180
Clip34,187,208,2360.414
Clip34,199,235,4274.711
Clip34,226,228,2391.378
Clip34,NA,287,6397.923
Clip34,NA,225,4710.062
Clip34,206,230,2056.875
Clip34,NA,286,2573.028
Clip34,328,331,1136.278
Clip34,586,253,5639.131
Clip34,295,397,2519.08
Clip34,86,310,9205.879
Clip34,438,421,7896.854
Clip34,405,339,4046.946
Clip34,NA,476,2869.533
Clip34,NA,214,5849.94
Clip34,485,309,4681.277
Clip34,322,255,5354.318
Clip34,263,211,1340.824
Clip34,NA,249,5427.443
Clip34,594,543,578.452
Clip34,343,344,3986.184
Clip34,350,327,1654.684
Clip34,NA,233,1571.36
Clip34,315,334,3148.211
Clip34,335,345,2296.857
Clip34,NA,329,4660.18
Clip34,421,275,2596.82
Clip34,238,316,1246.537
Clip34,NA,321,3410.841
Clip34,291,280,6013.219
Clip34,379,325,5409.312
Clip34,517,310,2938.063
Clip34,202,274,11321.721
Clip34,362,279,2619.592
Clip34,218,218,608.56
Clip34,NA,248,5586.476
Clip34,230,258,3628.231
Clip34,323,294,5531.318
Clip34,445,252,7594.901
Clip34,245,237,3038.329
Clip34,248,299,7785.42
Clip34,NA,249,10021.313
Clip34,NA,278,2184.169
Clip34,271,222,5247.778
Clip34,NA,223,5111.938
Clip34,342,383,679.532
Clip34,315,258,3857.753
Clip34,228,290,3817.388
Clip34,NA,268,3644.255
Clip35,405,395,697.062
Clip35,403,398,4290.375
Clip35,NA,363,5991.938
Clip35,NA,336,3509.671
Clip35,NA,372,5191.019
Clip35,NA,385,5973.125
Clip35,333,309,2106.687
Clip35,380,334,2662.639
Clip35,NA,410,5795.188
Clip35,351,316,5302.397
Clip35,338,324,2156.67
Clip35,372,346,2399.188
Clip35,NA,366,10726.741
Clip35,NA,413,3634.062
Clip35,316,373,4611.312
Clip35,313,369,3660.007
Clip35,277,334,3665.16
Clip35,NA,369,4364.75
Clip35,283,311,3297.187
Clip35,210,224,1116.547
Clip35,231,227,1561.79
Clip35,408,249,936.125
Clip35,231,232,2185.548
Clip35,181,194,1103.667
Clip35,350,246,3859
Clip35,295,295,4410.625
Clip35,220,215,1037.713
Clip35,NA,210,1255.25
Clip35,205,211,3680.125
Clip35,221,202,565.937
Clip35,NA,244,4569.979
Clip35,NA,215,5630.25
Clip35,NA,297,2075.938
Clip35,NA,248,2648.8
Clip35,NA,311,6935.493
Clip35,267,293,7228.52
Clip35,NA,331,7037.312
Clip35,336,301,6969
Clip35,NA,292,7103.813
Clip35,274,325,7357.937
Clip35,295,265,3189
Clip35,NA,260,9571.249
Clip35,330,268,6290.195
Clip35,NA,266,2508.43
Clip35,NA,264,9307.101
Clip35,NA,271,6254.187
Clip35,NA,269,3240.813
Clip35,NA,264,8582.627
Clip35,NA,271,5881.5
Clip35,259,263,2834.187
Clip35,246,270,6072.688
Clip35,191,250,1368.315
Clip35,NA,275,5492.5
Clip36,370,352,284.571
Clip36,253,229,701.153
Clip36,242,231,590.75
Clip36,NA,192,1206.55
Clip36,107,205,1913.763
Clip36,NA,253,1518.875
Clip36,323,367,1690.687
Clip36,201,212,987.293
Clip36,214,222,752.75
Clip36,NA,287,3931.378
Clip36,NA,359,2889.187
Clip36,408,312,3153.188
Clip36,NA,465,6957
Clip36,NA,256,3148.398
Clip36,NA,267,2987.313
Clip36,360,304,3027.563
Clip36,342,267,3033.875
Clip36,NA,467,7148.376
Clip36,NA,268,3359.75
Clip36,NA,262,3141.877
Clip36,273,234,3212.437
Clip36,90,252,4433.5
Clip36,NA,216,1851.687
Clip36,226,207,892
Clip36,NA,232,1550.562
Clip36,173,177,2833.313
Clip36,229,475,1318.447
Clip36,NA,487,1376.812
Clip36,NA,262,1998.648
Clip36,386,372,1015.157
Clip36,297,441,1505.625
Clip36,NA,399,1684.938
Clip36,451,257,438.233
Clip36,262,263,1078.174
Clip36,NA,298,3099.5
Clip36,NA,321,6380.869
Clip36,217,235,1896.375
Clip36,NA,234,3054.375
Clip36,225,247,2643.34
Clip36,NA,252,3707.188
Clip36,NA,329,7904.062
Clip36,351,237,2453.812
Clip36,172,299,2003.125
Clip36,NA,254,2127.375
Clip36,494,506,1786.875
Clip36,525,324,912.485
Clip36,319,408,2022.375
Clip36,328,421,957
Clip36,451,308,3768.188
Clip36,345,290,1845.626
Clip36,264,272,4101.125
Clip36,298,282,1809.875
Clip36,NA,421,5036.157
Clip36,NA,253,1661.992
Clip36,218,303,955.553
Clip36,NA,283,3010.44
Clip36,296,290,3669.532
Clip36,NA,291,4050.531
Clip36,260,324,661.937
Clip36,378,234,1539.313
Clip36,364,397,456.953
Clip36,262,281,2600.437
Clip36,295,285,11053
Clip36,NA,511,2246.286
Clip36,NA,371,10988.791
Clip36,NA,389,6337.125
Clip36,NA,376,5860.937
Clip36,NA,378,11311.775
Clip36,499,486,439.125
Clip37,183,199,975.205
Clip37,316,305,1025.222
Clip37,NA,314,1259.478
Clip37,218,224,1614.279
Clip37,169,175,1208.688
Clip37,NA,353,2196.268
Clip37,NA,226,1323.471
Clip37,NA,256,1530.5
Clip37,279,237,1701.582
Clip37,261,196,3464.059
Clip37,NA,228,2570.234
Clip37,237,338,10886.463
Clip37,343,251,1921.678
Clip37,236,228,1155.604
Clip37,NA,202,3531.733
Clip37,120,282,1879.523
Clip37,NA,258,1684.258
Clip37,NA,450,1768.671
Clip37,211,208,226.011
Clip37,NA,196,3680.859
Clip37,NA,167,663.605
Clip37,NA,204,384.708
Clip37,NA,NA,1097.723
Clip37,NA,223,3028.635
Clip37,NA,209,2233.302
Clip37,NA,203,11352.628
Clip37,NA,234,2363.817
Clip37,NA,NA,490.653
Clip37,NA,209,638.598
Clip37,NA,NA,630.44
Clip37,NA,NA,1333.047
Clip37,NA,233,703.188
Clip37,NA,214,636.231
Clip37,NA,155,698.54
Clip37,NA,NA,634.754
Clip37,NA,NA,363.561
Clip37,NA,183,804.955
Clip37,193,226,753.988
Clip37,NA,227,696.921
Clip37,NA,NA,443.551
Clip37,232,258,727.63
Clip37,212,195,1163.114
Clip37,NA,218,6088.884
Clip37,232,254,3122.533
Clip37,NA,209,13203.548
Clip37,204,185,727.122
Clip37,NA,209,371.667
Clip37,NA,NA,708.787
Clip37,213,191,3225.461
Clip37,NA,NA,441.467
Clip37,NA,NA,366.752
Clip37,NA,NA,364.757
Clip37,NA,208,656.41
Clip37,NA,NA,1091.39
Clip37,NA,NA,376.545
Clip37,NA,NA,324.655
Clip37,385,351,1338.485
Clip37,NA,NA,531.313
Clip37,NA,NA,664.25
Clip37,NA,NA,947.855
Clip37,NA,NA,509.625
Clip37,NA,NA,878.843
Clip38,324,302,879.562
Clip38,245,264,1155.604
Clip38,NA,326,1111.928
Clip38,254,325,4191.935
Clip38,286,493,2099.679
Clip38,261,261,1592.839
Clip38,NA,264,1419.521
Clip38,214,235,5766.541
Clip38,NA,274,3121.688
Clip38,285,295,1411
Clip38,249,263,753.09
Clip38,NA,226,4772.265
Clip38,513,401,3827.548
Clip38,222,240,4090.059
Clip38,NA,222,2419.514
Clip38,NA,280,2126.34
Clip38,NA,348,1466.313
Clip38,189,368,1265.101
Clip38,355,265,2409.38
Clip38,406,392,1321.787
Clip38,470,386,1265.813
Clip38,219,364,3518.749
Clip38,214,278,2148.239
Clip38,216,266,5011.945
Clip38,357,259,2361.128
Clip38,287,297,688.169
Clip38,415,318,1491.103
Clip38,298,398,4682.46
Clip38,275,269,1677
Clip38,322,272,2584.356
Clip38,223,237,5089.851
Clip38,529,476,3318.009
Clip38,NA,343,3741.25
Clip38,184,251,1425.246
Clip38,NA,253,4206.918
Clip38,331,214,2346.105
Clip38,NA,302,2980.617
Clip38,263,239,5306.596
Clip38,354,369,2071.591
Clip38,553,341,7868.494
Clip38,NA,281,1839.213
Clip38,NA,279,4036.271
Clip38,212,242,1706.406
Clip38,310,304,698.813
Clip38,347,346,662.2
Clip38,330,210,1008.938
Clip38,211,386,3839.543
Clip38,NA,335,1600.891
Clip38,NA,223,1202.75
Clip38,270,250,3220.11
Clip38,NA,261,4808.477
Clip38,377,315,5462.363
Clip38,NA,239,2769.187
Clip38,321,319,378.802
Clip38,571,549,2181.365
Clip38,207,255,3330.282
Clip38,264,236,5751.411
Clip38,167,508,3895.294
Clip38,NA,231,2419.213
Clip38,332,361,1884.637
Clip38,256,269,586.723
Clip38,NA,289,2181.365
Clip38,NA,229,1626.257
Clip38,NA,283,2287.457
Clip38,NA,247,895.918
Clip38,381,354,645.155
Clip38,NA,143,2533.5
Clip39,305,266,1726.914
Clip39,NA,NA,274.302
Clip39,200,269,520.877
Clip39,NA,286,636.625
Clip39,NA,307,1129.635
Clip39,421,279,833.174
Clip39,239,221,1308.188
Clip39,NA,NA,383.055
Clip39,NA,NA,1072.732
Clip39,289,243,7194.187
Clip39,309,252,1444.645
Clip39,255,260,2833.607
Clip39,190,189,486.562
Clip39,393,249,3887.625
Clip39,NA,205,397.436
Clip39,327,314,1297.156
Clip39,371,379,633.5
Clip39,206,241,3822.351
Clip39,NA,249,1833.625
Clip39,323,234,2088.495
Clip39,297,285,2338.118
Clip39,171,190,1096.253
Clip39,398,370,1017.382
Clip39,357,336,2994.58
Clip39,251,290,2106.92
Clip39,276,238,714.137
Clip39,304,264,1035.618
Clip39,220,214,667
Clip39,232,236,403.466
Clip39,278,278,1661.992
Clip39,194,271,4710.264
Clip39,216,244,2612.054
Clip39,343,231,3781.458
Clip39,290,233,3046.726
Clip4,245,254,1121.2
Clip4,NA,274,3521.938
Clip4,NA,232,2653.313
Clip4,288,224,1076.7
Clip4,NA,244,838.324
Clip4,230,199,1597.563
Clip4,NA,NA,344.108
Clip4,205,213,1498.438
Clip4,NA,NA,800.647
Clip4,199,196,526.815
Clip4,200,192,716.007
Clip4,NA,209,696.438
Clip4,208,202,1146.75
Clip4,NA,191,1874.455
Clip4,NA,126,1259.397
Clip4,NA,212,1983.562
Clip4,NA,266,1058.875
Clip4,176,216,2706.553
Clip4,NA,232,1826.687
Clip4,NA,245,2155.063
Clip4,NA,275,773.75
Clip4,NA,209,4657.727
Clip4,224,217,877.204
Clip4,NA,NA,369.961
Clip4,NA,285,1292.935
Clip4,NA,389,1212.092
Clip4,424,351,1070.968
Clip4,195,189,470.657
Clip4,211,206,1622.721
Clip4,240,229,5213.541
Clip4,NA,NA,431.785
Clip4,219,297,1480.405
Clip4,357,334,5127.125
Clip4,285,284,606.532
Clip4,306,319,1079.125
Clip4,326,260,5448.209
Clip4,NA,303,3710.739
Clip4,NA,200,3895.169
Clip4,NA,278,3696.162
Clip4,217,215,812.304
Clip4,NA,208,4589.744
Clip4,NA,209,1410.295
Clip4,590,203,1139.364
Clip4,NA,249,2430.199
Clip4,278,253,1765.83
Clip4,173,237,1811.285
Clip4,NA,240,2032.125
Clip4,295,232,2826.395
Clip4,200,204,626.674
Clip4,152,203,5659.75
Clip4,165,206,2089.125
Clip4,169,176,1333.581
Clip4,194,198,631.098
Clip4,196,238,1712.949
Clip4,281,249,1126.188
Clip4,188,198,1103.696
Clip4,269,215,1097.875
Clip4,177,203,3553.437
Clip4,158,167,934.375
Clip4,NA,185,3169.812
Clip4,NA,203,2230.687
Clip4,232,236,975.063
Clip4,91,106,1288.789
Clip4,170,197,859.438
Clip4,214,206,694.502
Clip40,336,285,2095.812
Clip40,271,320,5323.569
Clip40,126,248,942.048
Clip40,194,216,934.324
Clip40,207,222,1697.854
Clip40,210,223,753.09
Clip40,NA,223,673.687
Clip40,NA,244,2531.941
Clip40,167,373,3494.409
Clip40,228,291,1148.833
Clip40,NA,NA,457.687
Clip40,NA,242,1253.142
Clip40,340,249,4479.588
Clip40,313,320,2709.99
Clip40,76,230,7154.357
Clip40,295,310,5066.686
Clip40,NA,161,2054.872
Clip40,451,354,4012.153
Clip40,300,318,6030.329
Clip40,250,244,2469.896
Clip40,242,241,3105.25
Clip40,NA,229,2236.43
Clip40,341,354,2428.507
Clip40,NA,206,3920.822
Clip40,NA,326,2492.988
Clip40,382,241,7021.212
Clip40,238,300,3402.787
Clip40,274,199,2726.706
Clip40,337,248,2705.514
Clip40,185,244,2826.375
Clip40,NA,289,3461.517
Clip40,121,375,2444.696
Clip40,NA,315,4501.373
Clip40,294,365,1908.694
Clip40,387,378,2559.559
Clip40,317,308,1791.835
Clip40,200,379,2363.145
Clip40,398,229,934.871
Clip40,210,210,1661.992
Clip40,448,304,1064.714
Clip40,212,234,1467.227
Clip40,247,240,1233.51
Clip40,289,273,1220.526
Clip40,272,235,3360.658
Clip40,297,277,2038.537
Clip40,NA,275,4757.673
Clip40,365,395,2823.204
Clip40,564,524,2843.565
Clip40,290,293,8189.069
Clip40,NA,277,4850.254
Clip40,NA,350,3436.064
Clip40,201,226,3362.876
Clip40,344,328,3375.922
Clip40,481,302,1802.263
Clip40,208,210,3077.282
Clip40,376,317,5232.679
Clip40,179,354,2492.207
Clip40,224,325,1936.125
Clip40,567,396,1990.405
Clip40,218,216,2518.957
Clip40,276,291,3421.576
Clip40,382,268,3813.563
Clip40,182,200,3503.359
Clip40,207,227,2586.898
Clip40,363,346,4979.062
Clip40,232,245,5902.813
Clip40,362,286,5099.589
Clip40,442,404,1350.369
Clip40,258,261,1791.835
Clip40,246,335,1687.961
Clip40,336,305,2532.728
Clip40,NA,205,4895.086
Clip40,471,372,2054.081
Clip40,295,301,4413.046
Clip40,233,470,4544.51
Clip40,259,254,1947.647
Clip40,220,222,3380.688
Clip40,NA,278,2777.25
Clip41,NA,267,3701.369
Clip41,NA,256,1492.549
Clip41,236,232,2841.375
Clip41,110,258,2632.687
Clip41,NA,482,666.658
Clip41,NA,262,1897.029
Clip41,197,216,2161.204
Clip41,568,328,374.5
Clip41,394,320,2371.063
Clip41,NA,373,3992.354
Clip41,NA,259,1676.351
Clip41,NA,233,1170.066
Clip41,96,197,2080.15
Clip41,323,313,538.766
Clip41,186,230,1783.687
Clip41,203,307,1674.2
Clip41,NA,342,2525.273
Clip41,328,333,1337.384
Clip41,362,343,1563.876
Clip41,NA,281,1504.269
Clip41,353,308,545.341
Clip41,356,340,1064.714
Clip41,384,375,2013.778
Clip41,555,286,2147.258
Clip41,202,243,1233.51
Clip41,203,241,1857.286
Clip41,393,385,445.312
Clip41,232,258,2319.468
Clip41,279,302,959.854
Clip41,302,358,2402.098
Clip41,228,375,2832.472
Clip41,NA,377,8005.219
Clip41,NA,233,3262.563
Clip41,NA,380,623.247
Clip41,NA,274,2739.69
Clip41,NA,297,1821.851
Clip41,374,369,1735.851
Clip41,252,230,349.289
Clip41,414,409,1711.248
Clip41,340,345,1638.314
Clip41,376,359,451.562
Clip41,NA,303,3851.242
Clip41,400,393,1772.437
Clip41,378,396,1045.75
Clip41,344,290,1683
Clip41,224,252,439.063
Clip41,281,242,2064.506
Clip41,316,337,304.59
Clip41,424,374,1475.488
Clip41,235,310,1465.062
Clip41,491,424,364.563
Clip41,406,400,2782.721
Clip41,404,392,5519.121
Clip41,325,341,412.71
Clip41,361,226,1493.232
Clip41,111,215,1467.882
Clip41,NA,316,806.875
Clip41,NA,365,1349.882
Clip41,231,218,1130.437
Clip41,NA,254,3116.235
Clip41,310,287,520
Clip41,NA,315,2324.192
Clip41,NA,517,486.114
Clip41,249,258,851.687
Clip41,511,417,1096.697
Clip41,NA,268,1197.688
Clip41,NA,249,1298.431
Clip41,206,213,1186.25
Clip41,255,228,744.202
Clip41,234,235,2042.836
Clip41,NA,379,1669.5
Clip41,NA,376,1557.625
Clip42,NA,229,1215
Clip42,NA,247,2510.612
Clip42,NA,201,3908.279
Clip42,161,223,2524.375
Clip42,413,252,3822.813
Clip42,242,252,6329.75
Clip42,210,209,7110
Clip42,NA,203,4348.671
Clip42,NA,171,1752.882
Clip42,NA,195,4162.701
Clip42,169,265,3711.75
Clip42,233,268,2676.591
Clip42,NA,213,2250.96
Clip42,NA,212,7863
Clip42,NA,214,2840.185
Clip42,NA,216,5836.252
Clip42,218,223,4180.949
Clip42,NA,205,2856.38
Clip42,175,214,10792.43
Clip42,NA,208,2238.038
Clip42,212,174,1170.375
Clip42,436,276,2051.375
Clip42,NA,243,3259.563
Clip42,205,247,3164.392
Clip42,293,258,6143.058
Clip42,NA,193,3713.514
Clip42,NA,170,4570.375
Clip42,NA,183,8182.407
Clip42,296,247,4790.875
Clip42,211,225,4004.063
Clip42,NA,282,1002.563
Clip42,NA,214,5392.771
Clip42,NA,305,2224.718
Clip42,NA,284,2278.973
Clip42,421,355,2223.715
Clip42,418,326,2143.688
Clip42,353,341,1497.612
Clip42,313,355,4675.92
Clip42,315,423,2632.329
Clip42,NA,230,7446.946
Clip42,NA,193,1667.872
Clip42,418,300,2917.622
Clip42,NA,256,2687.753
Clip42,268,465,1175.038
Clip42,407,349,1744.375
Clip42,425,417,1289.265
Clip42,NA,225,7489.687
Clip42,NA,235,18548.625
Clip42,210,254,1234.25
Clip42,313,335,3763.807
Clip42,NA,342,3200.75
Clip42,241,226,3465.464
Clip42,NA,224,4049.064
Clip42,NA,206,906.311
Clip42,149,229,4538.938
Clip42,NA,203,10229.569
Clip42,NA,217,3288.813
Clip42,NA,219,9466.219
Clip42,178,192,4249.875
Clip42,81,190,7534.293
Clip42,283,298,2505.973
Clip42,NA,181,1320.406
Clip42,NA,180,3651.625
Clip43,NA,304,1828.233
Clip43,227,270,2352.93
Clip43,NA,176,1496.438
Clip43,NA,145,1209.043
Clip43,144,343,3362.937
Clip43,289,305,680.875
Clip43,NA,265,1649.008
Clip43,NA,193,666.745
Clip43,234,310,805.027
Clip43,76,209,5716.024
Clip43,480,245,1075.938
Clip43,263,268,3296.026
Clip43,NA,177,1096.516
Clip43,NA,209,2259.271
Clip43,219,216,1390.905
Clip43,NA,258,1767.25
Clip43,168,179,947.164
Clip43,188,280,2612.688
Clip43,266,237,1126.25
Clip43,129,298,1034.125
Clip43,NA,304,1765.867
Clip43,NA,333,1417.054
Clip43,NA,325,3106.875
Clip43,95,213,1122.125
Clip43,359,267,1191.413
Clip43,378,277,1351.563
Clip43,206,214,446.875
Clip43,331,330,676.813
Clip43,NA,259,7659.365
Clip43,NA,287,2867.175
Clip43,NA,352,1962.99
Clip43,340,331,1146.938
Clip43,369,330,3444.823
Clip43,283,284,1351.75
Clip43,214,212,2361.312
Clip43,NA,243,1182.53
Clip43,379,335,2969.368
Clip43,NA,290,1826.752
Clip43,246,247,3454.921
Clip43,186,202,1869.741
Clip43,NA,220,2985.162
Clip43,376,385,537.47
Clip43,178,256,4839.25
Clip43,388,274,4553.004
Clip43,283,260,1086.077
Clip43,332,274,1604.757
Clip43,287,274,1891.562
Clip43,296,260,1286.535
Clip43,369,329,2317.125
Clip43,NA,244,2897
Clip43,NA,259,3375.922
Clip43,NA,215,796.524
Clip43,326,301,2621.962
Clip43,289,347,2321.33
Clip43,200,229,1108.501
Clip43,398,342,3345.991
Clip43,303,281,1163.104
Clip43,177,195,606.187
Clip43,NA,179,1276.187
Clip43,376,366,1686.282
Clip43,NA,315,1736.779
Clip43,314,312,1272.463
Clip43,345,378,536.315
Clip43,313,324,1261.687
Clip43,NA,280,2038.125
Clip43,237,276,1234.625
Clip44,182,240,908.902
Clip44,NA,NA,593.627
Clip44,204,250,756.126
Clip44,210,202,1149.5
Clip44,227,219,1480.212
Clip44,165,190,1869.741
Clip45,207,203,856.965
Clip46,285,285,835.875
Clip46,458,273,1111.13
Clip46,NA,245,3025.312
Clip46,232,212,777.812
Clip46,305,302,433.875
Clip46,NA,350,453
Clip46,NA,317,2547.375
Clip46,NA,248,1324.487
Clip46,NA,325,700.813
Clip46,203,233,1676.65
Clip46,337,343,389.529
Clip46,441,251,527.75
Clip46,234,252,674.5
Clip46,NA,194,850.062
Clip46,NA,219,894.025
Clip46,210,230,1115.582
Clip46,NA,380,547.781
Clip46,317,368,1570.992
Clip46,218,241,546
Clip46,213,249,390
Clip46,NA,222,1266.562
Clip46,588,344,2790.375
Clip46,299,291,1352.49
Clip46,NA,411,2670.248
Clip46,NA,454,2410.955
Clip46,189,329,1863.937
Clip46,344,391,1865.872
Clip46,217,263,2843.565
Clip46,312,303,442.972
Clip46,255,323,4606.754
Clip46,NA,196,1191.063
Clip46,179,188,900.022
Clip46,204,201,1068.375
Clip46,305,203,1451.687
Clip46,286,314,445.438
Clip46,456,361,974.062
Clip46,292,405,1602.375
Clip46,224,280,500.563
Clip46,NA,214,2349.778
Clip46,NA,209,969.175
Clip46,NA,465,2051.521
Clip46,NA,245,582.03
Clip46,360,374,1144.437
Clip46,358,352,1430.625
Clip46,563,342,11380.25
Clip46,532,449,6795.229
Clip46,217,252,821.007
Clip46,438,400,1216.936
Clip46,297,364,1395.75
Clip46,NA,309,1223.812
Clip46,400,284,3691.076
Clip46,457,431,546.646
Clip46,NA,316,1043.562
Clip46,289,286,2743.562
Clip46,268,331,4542.886
Clip46,372,382,2903.875
Clip46,276,325,2534.062
Clip46,285,286,986.625
Clip46,291,261,1597.75
Clip46,205,265,1597.25
Clip46,NA,NA,1224.75
Clip46,140,268,1123.063
Clip46,NA,239,1750.837
Clip46,160,256,522.063
Clip46,NA,242,1457.599
Clip46,310,278,389.529
Clip46,NA,260,2817.625
Clip46,233,294,839.476
Clip46,NA,315,2543.286
Clip46,NA,442,1108.063
Clip46,NA,391,3012.361
Clip46,NA,273,4795.749
Clip46,235,239,1976.812
Clip46,512,507,1418.375
Clip46,NA,410,1902.563
Clip46,177,175,818.012
Clip47,211,205,1046.813
Clip47,NA,316,2976.625
Clip47,353,295,7131.305
Clip47,NA,274,1206.125
Clip47,302,244,539.875
Clip47,263,260,1626.438
Clip47,NA,298,1163.687
Clip47,NA,294,1079.25
Clip47,NA,NA,567.798
Clip47,272,278,4475.976
Clip47,208,212,1040.206
Clip47,NA,262,1634.475
Clip48,NA,263,1724.998
Clip48,356,247,5599.812
Clip48,95,106,559.75
Clip48,397,396,1752.882
Clip48,NA,387,4051.042
Clip48,NA,458,2428.13
Clip48,412,300,4306.25
Clip48,NA,251,2725.5
Clip48,305,323,852.75
Clip48,NA,400,8684.625
Clip48,210,224,429.063
Clip48,NA,299,2250.062
Clip48,277,288,3508.569
Clip48,510,356,3778.047
Clip48,NA,231,1012.138
Clip48,NA,235,3532.98
Clip48,221,238,4297.75
Clip48,416,491,2712.687
Clip48,410,444,3440.843
Clip48,199,299,1188.817
Clip48,349,362,462.555
Clip48,209,216,370.06
Clip48,NA,308,3531.733
Clip48,297,342,1257.897
Clip48,252,292,1973.616
Clip48,NA,251,4025.137
Clip48,470,390,934.18
Clip48,354,319,1488.1
Clip48,NA,314,1661.694
Clip48,397,418,2168.38
Clip48,376,319,4609.431
Clip48,369,358,459.691
Clip48,219,248,658.823
Clip48,273,310,3218.14
Clip48,332,301,403.445
Clip48,331,339,1051.729
Clip48,NA,319,2447.647
Clip48,213,225,1265.867
Clip48,295,295,2908.486
Clip48,494,460,1090.682
Clip48,NA,251,1746.054
Clip48,314,393,2048.373
Clip48,170,171,1766.249
Clip48,199,212,3018.805
Clip48,118,270,1493.196
Clip48,247,270,1017.592
Clip48,NA,269,3525.618
Clip48,445,360,3172.216
Clip48,343,348,2167.5
Clip48,259,275,960.839
Clip48,298,294,1181.003
Clip48,271,290,1983.188
Clip48,289,267,1847.363
Clip48,218,220,378.264
Clip48,NA,285,3089.051
Clip48,NA,194,5608.553
Clip48,194,216,2600.488
Clip48,NA,215,2397.762
Clip48,NA,213,619.341
Clip48,270,271,3095.375
Clip48,318,315,2533.569
Clip48,346,344,921.312
Clip48,238,288,1441.259
Clip48,NA,268,942.938
Clip48,116,129,1571.005
Clip48,193,202,456.445
Clip48,232,242,1571.102
Clip48,119,250,3377.48
Clip49,135,164,1767.425
Clip49,252,214,6907.655
Clip49,NA,200,2769.704
Clip49,229,194,2167.151
Clip49,341,236,949.625
Clip49,462,210,3893.766
Clip49,155,190,1087.691
Clip49,188,194,3695.038
Clip49,236,213,1545.133
Clip49,94,108,1264.355
Clip49,185,193,942.969
Clip49,229,170,1366.109
Clip49,187,223,1247.125
Clip49,202,197,325.438
Clip49,180,239,5302.814
Clip49,226,243,1661.992
Clip49,190,233,5241.629
Clip49,206,214,3323.984
Clip49,NA,221,4127.674
Clip49,NA,206,777.369
Clip49,206,239,1356.813
Clip49,NA,214,1020.75
Clip49,240,243,1636.024
Clip49,218,188,927.125
Clip49,222,210,1012.625
Clip49,108,114,1353.959
Clip49,NA,234,2168.38
Clip49,183,191,2794.582
Clip49,169,221,4952.937
Clip49,225,182,1091.25
Clip49,523,425,2229.25
Clip49,NA,208,3865.141
Clip49,NA,310,2100.75
Clip49,NA,252,4209.864
Clip49,204,245,2142.412
Clip49,334,212,1506.18
Clip49,202,224,1090.682
Clip49,448,334,2674.769
Clip49,226,240,1851.188
Clip49,351,262,3759.439
Clip49,187,215,864.237
Clip49,328,215,1663.551
Clip5,302,310,704.789
Clip5,NA,230,3481.848
Clip5,385,393,618.203
Clip5,267,243,964.315
Clip5,290,275,1056.599
Clip5,420,369,734.546
Clip5,264,294,2517.024
Clip5,204,236,3647.562
Clip5,259,243,1405.89
Clip5,181,221,2742.923
Clip5,240,229,937.19
Clip5,225,235,5679.62
Clip5,198,171,3543.793
Clip5,NA,232,2833.827
Clip5,155,180,4723.304
Clip5,320,298,2782.18
Clip5,239,311,11552.206
Clip5,NA,242,9550.373
Clip5,412,402,3149.187
Clip5,NA,188,9184.234
Clip5,439,264,9303.698
Clip5,187,444,7753.784
Clip5,279,321,5472.609
Clip5,NA,234,7075.905
Clip5,100,251,2855
Clip5,NA,386,3357.081
Clip5,308,223,10076.068
Clip5,302,308,2298.165
Clip5,NA,335,3173.313
Clip5,403,338,1537.31
Clip5,375,383,759.582
Clip5,426,397,754.362
Clip5,394,399,770.195
Clip5,191,202,2486.2
Clip5,341,335,5152.026
Clip5,210,205,2687.753
Clip5,190,193,3415.176
Clip5,111,109,406.508
Clip5,93,94,945.485
Clip5,NA,NA,1100.421
Clip5,261,259,2351.79
Clip5,260,256,9588.125
Clip5,NA,304,7619.008
Clip5,NA,258,7250.467
Clip5,NA,229,7960.188
Clip5,211,369,4025.514
Clip5,NA,338,8062.817
Clip5,NA,231,4210.897
Clip5,340,338,5089.338
Clip5,209,203,2598.243
Clip5,333,267,14799.746
Clip50,NA,236,1327.313
Clip50,NA,266,2090.475
Clip50,NA,259,1490.768
Clip50,107,159,1009.063
Clip50,207,259,1133.251
Clip50,314,275,1115.132
Clip50,269,274,1163.109
Clip50,451,289,1397.266
Clip50,232,177,1162.125
Clip50,NA,252,2665.312
Clip50,NA,197,608.504
Clip50,251,252,8020.174
Clip50,NA,190,1437.376
Clip50,232,221,2239.107
Clip50,NA,216,4511.801
Clip50,NA,213,3187.875
Clip50,373,269,7959.875
Clip50,214,235,3816.75
Clip50,198,259,3503
Clip50,NA,238,2359.801
Clip50,293,241,4789.687
Clip50,248,265,1667.6
Clip50,257,248,4316.981
Clip50,178,223,1038.188
Clip50,166,180,2883.507
Clip50,355,310,2411.75
Clip50,NA,294,1850.134
Clip50,NA,289,2259.271
Clip50,NA,265,1064.714
Clip50,211,256,5214.445
Clip50,NA,226,1952.056
Clip50,580,243,1902.896
Clip50,NA,215,2505.973
Clip50,NA,195,3544.718
Clip50,NA,252,707.539
Clip50,NA,135,2203.5
Clip50,200,254,2014.298
Clip50,321,227,7384.882
Clip50,121,215,3807.208
Clip50,NA,239,3945.247
Clip50,228,212,4219.902
Clip50,218,218,5030
Clip50,NA,269,3604.771
Clip50,101,205,3921.263
Clip50,215,204,11145.56
Clip50,NA,250,1176.812
Clip50,228,247,2886.375
Clip50,226,245,3630.907
Clip50,446,273,1791.835
Clip50,NA,282,662.351
Clip50,305,233,2953.813
Clip50,NA,206,586.903
Clip50,138,356,633.902
Clip50,205,222,2176.291
Clip50,271,238,2371.573
Clip50,392,244,1077.698
Clip50,280,209,3147.893
Clip50,163,146,3177.732
Clip50,194,191,3267.081
Clip50,158,144,3718.48
Clip50,82,172,6446.332
Clip50,123,128,2561.404
Clip50,NA,204,3693.153
Clip50,517,184,1482.919
Clip50,NA,294,767.756
Clip50,NA,249,2717.84
Clip50,408,280,3255.27
Clip50,NA,262,8743.9
Clip50,271,231,5075.875
Clip50,207,224,7647.761
Clip50,112,154,1920.826
Clip50,203,223,845.539
Clip51,NA,204,4225.359
Clip51,215,249,1869.741
Clip51,233,254,1951.928
Clip51,331,309,2654.797
Clip51,225,228,798.369
Clip51,220,224,7740.734
Clip51,397,285,1607.375
Clip51,280,264,4013.304
Clip51,315,281,1856.757
Clip51,305,304,3995.135
Clip51,254,239,599.847
Clip51,391,319,4371.044
Clip51,279,283,2289.909
Clip51,311,259,4025.177
Clip51,244,259,4544.938
Clip51,NA,239,3038.329
Clip51,240,249,6247.568
Clip51,NA,232,3376.392
Clip51,204,232,1507.909
Clip51,251,229,5066.725
Clip51,286,289,3259.364
Clip51,236,259,1472.007
Clip51,206,234,4347.934
Clip51,401,320,1999.584
Clip51,225,316,986.808
Clip51,210,269,1757.836
Clip51,240,254,3294.339
Clip51,NA,253,3399.875
Clip51,NA,298,2190.952
Clip51,NA,286,1597.071
Clip51,239,253,3261.67
Clip51,170,242,1235.938
Clip51,197,225,2635.816
Clip51,263,263,2786.718
Clip51,236,213,1373.026
Clip51,NA,84,863.438
Clip51,187,216,779.059
Clip51,NA,454,476.423
Clip51,NA,204,2609.847
Clip51,NA,130,5060.878
Clip51,236,256,1276.187
Clip51,286,259,1108.17
Clip51,NA,258,714.137
Clip51,416,314,1767.374
Clip51,152,155,1321.312
Clip52,360,361,946.875
Clip52,NA,268,636.231
Clip52,NA,233,1263.846
Clip52,NA,358,3660.705
Clip52,330,339,428.482
Clip52,335,302,2791.628
Clip52,NA,287,796.002
Clip52,344,332,1966.728
Clip52,NA,262,958.389
Clip52,338,339,1135.711
Clip52,310,284,2144.268
Clip52,NA,246,3184.875
Clip52,NA,268,2424.192
Clip52,235,232,981.375
Clip52,298,255,1052.75
Clip52,227,283,886.187
Clip52,NA,323,3547.737
Clip52,NA,356,4133.486
Clip52,NA,281,1743.52
Clip52,NA,256,1142.62
Clip52,278,274,813.502
Clip52,NA,280,1264.75
Clip52,NA,388,1622.142
Clip52,NA,287,2670.926
Clip52,NA,226,1105.5
Clip52,279,281,1925
Clip52,277,277,1383.938
Clip52,292,261,2073.188
Clip52,NA,286,1468.805
Clip52,NA,146,1028.875
Clip52,267,264,2244
Clip52,NA,309,2714.647
Clip52,132,282,1498.824
Clip52,NA,301,5095.375
Clip52,NA,258,2087.711
Clip52,NA,477,1640.995
Clip52,NA,NA,310.315
Clip52,NA,352,3839.562
Clip52,516,371,1560.411
Clip52,291,302,1441.259
Clip52,249,270,753.09
Clip52,NA,221,630.125
Clip52,NA,201,1009.903
Clip53,232,242,3377.48
Clip53,NA,226,1441.259
Clip53,NA,339,589.75
Clip53,NA,408,4453.62
Clip53,NA,363,2846.132
Clip53,NA,258,2386.562
Clip53,177,238,3261.5
Clip53,181,180,419.495
Clip53,NA,371,3748.395
Clip53,NA,253,1009.125
Clip53,NA,322,1574.991
Clip53,370,312,6194.456
Clip53,277,273,695.201
Clip53,291,291,1926.44
Clip53,NA,239,2104.954
Clip53,NA,380,445.537
Clip53,421,257,823.307
Clip53,283,282,3479.796
Clip53,NA,358,1882.726
Clip53,223,216,1181.573
Clip53,209,189,1955.815
Clip53,NA,254,2260.438
Clip53,NA,323,1027.816
Clip53,NA,338,2973.408
Clip53,NA,215,1149.724
Clip53,314,296,501.217
Clip53,236,352,2583.878
Clip53,133,160,1910.625
Clip53,NA,319,5076.867
Clip53,NA,304,1266.165
Clip53,NA,366,4435.845
Clip53,NA,372,3908.279
Clip53,NA,404,1584.086
Clip53,NA,334,2748.046
Clip53,338,340,539.625
Clip53,388,385,463.121
Clip53,NA,303,3064.5
Clip53,NA,245,2908.486
Clip53,NA,322,3595.487
Clip53,NA,264,7287.404
Clip53,NA,275,593.943
Clip53,NA,258,571.31
Clip53,332,334,469.188
Clip53,NA,371,6403.056
Clip53,NA,421,2347.637
Clip53,NA,427,1493.438
Clip53,334,382,1235.632
Clip53,319,299,4454.358
Clip53,383,348,1378.938
Clip53,NA,328,2047.375
Clip53,250,264,1804.82
Clip53,420,429,1077.698
Clip53,NA,382,887.25
Clip53,201,233,916.889
Clip53,NA,310,2220.318
Clip53,219,272,3765.451
Clip53,577,520,431.028
Clip53,NA,429,2982.869
Clip53,413,423,1024.383
Clip53,258,450,970.006
Clip53,408,427,2523.59
Clip53,NA,220,3635.608
Clip53,372,394,576.127
Clip53,243,259,2445.81
Clip53,252,269,805.027
Clip53,411,406,2249
Clip54,232,231,1644.938
Clip54,NA,259,278.417
Clip54,262,314,1516.813
Clip54,257,287,538.324
Clip54,389,324,194.024
Clip54,NA,344,2489.31
Clip54,452,339,816.563
Clip54,99,98,259.141
Clip54,192,243,1858.748
Clip54,NA,305,949.847
Clip54,208,286,906.063
Clip54,NA,264,730.203
Clip54,NA,249,818.012
Clip54,180,184,1346.943
Clip54,298,264,1545
Clip54,NA,182,2253.279
Clip54,NA,253,1530.124
Clip54,235,238,933.389
Clip54,NA,376,4236.438
Clip54,199,190,310.42
Clip54,178,178,1709.066
Clip54,171,348,1768.251
Clip54,248,259,902.79
Clip54,203,202,1564.492
Clip54,248,200,785.99
Clip54,NA,191,2293.716
Clip54,195,194,757.375
Clip54,NA,365,1698.854
Clip54,204,316,1931.437
Clip54,NA,230,1275.312
Clip54,NA,201,2804.612
Clip54,306,305,614.641
Clip54,469,429,436.398
Clip54,217,223,2090.475
Clip54,366,379,2346.75
Clip54,NA,281,9736
Clip54,NA,218,11386.466
Clip54,NA,247,7302.658
Clip54,171,200,10002.203
Clip54,NA,382,1773.187
Clip54,NA,261,918.188
Clip54,NA,327,6270
Clip54,298,298,1255.628
Clip54,188,224,896.239
Clip54,NA,540,3687.224
Clip54,NA,535,2609.847
Clip54,NA,203,1474.603
Clip54,255,300,7623.937
Clip54,NA,NA,1051.935
Clip54,198,188,6151.19
Clip54,NA,341,4159.933
Clip54,NA,320,7944.526
Clip54,NA,308,8030.287
Clip54,NA,300,8702.625
Clip54,223,312,755.296
Clip54,181,200,704.712
Clip54,344,286,4949.813
Clip54,NA,335,6285.46
Clip55,NA,258,2737.055
Clip55,230,218,839.436
Clip55,NA,NA,1159.748
Clip55,NA,196,2120.917
Clip55,NA,NA,1342.268
Clip55,186,193,1843.773
Clip55,274,287,1340.197
Clip55,NA,198,568.479
Clip55,NA,186,1545.133
Clip55,234,221,2752.675
Clip56,NA,316,6232.471
Clip56,NA,317,3466.812
Clip56,NA,NA,1324.4
Clip56,NA,304,5907.863
Clip56,NA,258,1856.757
Clip56,307,275,3168.173
Clip56,NA,294,1988.02
Clip56,NA,299,2246.286
Clip56,357,298,3836.507
Clip56,299,292,2996.67
Clip56,NA,291,1661.992
Clip56,316,306,2687.753
Clip56,NA,282,2100.119
Clip56,NA,319,3709.495
Clip56,NA,NA,1908.694
Clip56,NA,317,2441.051
Clip56,NA,264,1908.694
Clip56,NA,NA,2121.04
Clip56,358,322,1897.658
Clip56,NA,386,1771.453
Clip56,NA,320,1583.547
Clip56,NA,347,1739.898
Clip56,292,296,998
Clip56,228,244,824.543
Clip56,NA,325,2641.122
Clip56,NA,244,1356.734
Clip56,NA,NA,587.75
Clip56,NA,NA,449.562
Clip56,NA,NA,1672.737
Clip56,278,318,1908.694
Clip56,NA,259,1560.903
Clip56,NA,201,641.07
Clip56,NA,276,1155.604
Clip56,NA,353,1752.882
Clip56,374,390,498.564
Clip56,229,327,1597.071
Clip57,NA,424,7717
Clip57,NA,280,439.25
Clip57,NA,279,3068.579
Clip57,275,266,1493.026
Clip57,305,351,4310.792
Clip57,557,484,801.885
Clip57,NA,370,889.75
Clip57,513,534,767.919
Clip57,NA,367,1261.75
Clip57,315,315,3680.539
Clip57,NA,424,646.563
Clip57,323,326,1278.812
Clip57,381,344,4635.4
Clip57,298,344,1586.607
Clip57,255,269,1899.12
Clip57,230,233,1607.229
Clip57,445,431,701.153
Clip57,241,364,495.937
Clip57,347,356,3970.931
Clip57,NA,250,1726.914
Clip57,255,239,936.482
Clip57,250,239,986.808
Clip57,245,259,1744.724
Clip57,467,454,3021.161
Clip57,NA,320,1771.648
Clip57,NA,260,2073.062
Clip57,NA,279,1597.071
Clip57,NA,259,1752.882
Clip57,NA,256,846.052
Clip57,NA,259,1053.288
Clip58,291,331,1307.712
Clip58,302,276,864.603
Clip58,377,339,3861.985
Clip58,347,346,1309.022
Clip58,341,178,1074.375
Clip58,NA,263,1806.856
Clip58,NA,175,3437.812
Clip58,161,175,6764.828
Clip58,191,284,3798.372
Clip58,184,183,2966.188
Clip58,350,326,651.065
Clip58,NA,338,3625.206
Clip58,370,323,2294.788
Clip58,484,477,1658.058
Clip58,NA,354,6453.15
Clip58,447,397,6211.188
Clip58,NA,367,2910.375
Clip58,371,374,2560.241
Clip58,463,424,6237.187
Clip58,NA,341,5758
Clip58,499,437,5185.889
Clip58,288,388,5829.957
Clip58,485,530,5890.75
Clip58,NA,505,4505.557
Clip58,NA,283,2825.28
Clip58,167,233,2159.065
Clip58,332,270,3763.869
Clip58,267,299,1363.353
Clip58,NA,331,3021.006
Clip58,308,331,5720.761
Clip58,286,261,908.902
Clip58,233,240,2268.937
Clip58,412,347,2028.625
Clip58,NA,215,2394.721
Clip58,NA,243,2648.8
Clip58,345,281,12467.197
Clip58,NA,273,2410
Clip58,273,273,2495.688
Clip58,NA,298,1937.491
Clip58,NA,186,2505.973
Clip58,NA,335,4214.214
Clip58,263,273,4028
Clip58,NA,279,1879.382
Clip58,NA,282,1555.712
Clip58,216,252,2715.062
Clip58,358,340,454.563
Clip58,NA,367,1428.562
Clip58,392,348,1971.881
Clip58,390,400,1623.039
Clip58,NA,234,1239.688
Clip58,265,298,1923.156
Clip58,NA,NA,1197.187
Clip58,NA,350,917.954
Clip6,182,206,2121.139
Clip6,NA,180,2312.938
Clip6,131,311,1699.375
Clip6,188,195,1926.938
Clip6,285,231,560.844
Clip6,NA,185,442.283
Clip6,241,236,2024.416
Clip6,NA,377,667.944
Clip6,223,206,1716.812
Clip6,162,159,574.332
Clip6,155,181,1123.688
Clip6,NA,179,741.938
Clip6,227,229,2210.553
Clip6,127,224,2512.332
Clip6,NA,218,700.303
Clip6,261,303,830.996
Clip6,255,245,634.638
Clip6,145,156,678.187
Clip6,NA,196,1406.129
Clip6,327,227,845.562
Clip6,148,197,531.316
Clip6,NA,172,1358.419
Clip6,NA,195,2263.5
Clip6,NA,161,965.063
Clip6,NA,140,1147.812
Clip6,NA,NA,519.063
Clip6,180,174,1726.849
Clip6,156,174,1840.812
Clip6,207,211,1205.675
Clip6,208,210,656.596
Clip6,245,219,2253.76
Clip6,238,244,4313.328
Clip6,NA,379,1598.5
Clip6,457,405,801.423
Clip6,NA,237,2090.475
Clip6,NA,257,705.07
Clip6,NA,315,1515.057
Clip6,309,318,681.183
Clip6,444,377,402.514
Clip6,361,317,459.563
Clip6,NA,190,577.438
Clip6,NA,167,541.657
Clip6,211,220,775.25
Clip6,NA,215,513.688
Clip6,385,387,559
Clip6,407,392,666.063
Clip6,NA,269,3014.5
Clip6,417,409,968.437
Clip6,289,208,1876.258
Clip6,476,306,1644.313
Clip6,NA,264,628.695
Clip6,221,250,1019.434
Clip6,257,249,745.539
Clip6,307,304,573.062
Clip6,257,256,1588.607
Clip6,156,170,689.687
Clip6,200,189,527.525
Clip6,NA,186,1176.672
Clip6,338,317,1086.774
Clip60,NA,315,4077.075
Clip60,NA,405,4227.812
Clip60,NA,272,1439.081
Clip60,294,361,1334.75
Clip60,228,233,1629.188
Clip60,287,411,4570.479
Clip60,NA,375,715.951
Clip60,290,345,2832.052
Clip60,229,231,443.875
Clip60,NA,218,1169.5
Clip60,209,181,873.25
Clip60,NA,215,842.875
Clip60,172,187,692.829
Clip60,179,218,822.562
Clip60,160,195,985.776
Clip60,169,217,815.75
Clip60,NA,218,3477.063
Clip60,NA,216,1158.812
Clip60,NA,215,673.812
Clip60,NA,237,1774.366
Clip60,192,236,797.772
Clip60,NA,252,940.625
Clip60,NA,313,3780.543
Clip60,NA,288,3963.207
Clip60,NA,268,1804.702
Clip60,NA,258,7349.554
Clip60,362,282,1390.371
Clip60,NA,270,1429.442
Clip60,NA,243,3601.936
Clip60,NA,237,2298.224
Clip60,207,212,623.247
Clip60,211,220,640.187
Clip60,227,235,898.306
Clip60,NA,217,1291.063
Clip60,NA,466,4192.511
Clip60,NA,392,2709.915
Clip60,237,286,8033.085
Clip60,NA,328,1650.313
Clip60,NA,398,951.417
Clip60,335,407,1002.875
Clip60,NA,300,1221.991
Clip60,238,240,989.501
Clip60,NA,247,878.875
Clip60,176,237,833.138
Clip60,232,245,675
Clip60,NA,234,752.374
Clip60,207,244,1046.562
Clip60,169,231,775.625
Clip60,173,244,802.892
Clip60,180,230,770
Clip60,NA,238,683.754
Clip60,NA,243,577.938
Clip60,221,248,1021.171
Clip60,295,293,1241.723
Clip60,NA,213,3133.764
Clip60,NA,235,847.687
Clip60,NA,236,733.187
Clip60,203,248,703.505
Clip60,216,214,1110.375
Clip60,203,213,1047.282
Clip60,172,196,856.125
Clip60,NA,216,705.938
Clip60,NA,238,1086.604
Clip60,240,222,2320.961
Clip60,NA,266,1546.063
Clip60,NA,318,1695.442
Clip60,NA,215,1259
Clip60,NA,262,600.557
Clip60,233,248,622.285
Clip60,249,248,1287.125
Clip60,347,307,1461.679
Clip60,255,268,1414.967
Clip60,NA,288,4586.77
Clip60,NA,299,3194.964
Clip60,182,235,759.031
Clip60,329,277,1697.629
Clip60,NA,381,3163.625
Clip60,393,387,1730.352
Clip60,246,294,1090.682
Clip60,230,273,2505.973
Clip60,NA,292,3002.662
Clip60,NA,281,1061.188
Clip60,NA,302,1398.122
Clip60,NA,239,836.698
Clip60,246,260,1065.945
Clip60,NA,237,1368.812
Clip60,275,264,1963.309
Clip60,233,235,778.687
Clip60,268,264,564.737
Clip60,NA,NA,311.074
Clip60,251,252,1597.62
Clip7,NA,NA,947.75
Clip7,NA,289,3087.917
Clip7,NA,288,3535.232
Clip7,NA,293,1225.125
Clip7,NA,195,938.333
Clip7,173,190,1073.312
Clip7,NA,221,3583.671
Clip7,312,302,2465.007
Clip7,417,265,4859.574
Clip7,148,231,2038.537
Clip7,416,353,4071.337
Clip7,NA,194,3583.671
Clip7,273,276,1843.773
Clip7,239,313,941.75
Clip7,383,282,986.808
Clip7,432,246,645.326
Clip7,187,214,1545.133
Clip7,295,358,2877.563
Clip7,270,398,3796.426
Clip7,265,430,4756.666
Clip7,NA,236,682.966
Clip7,263,245,558.326
Clip7,NA,271,4332.727
Clip7,180,238,4864.599
Clip7,153,224,2783.813
Clip7,187,237,1655.375
Clip7,223,258,1977.313
Clip7,185,272,2574.366
Clip7,267,297,1142.502
Clip7,407,339,3368.847
Clip7,106,322,5001.196
Clip7,216,204,3345.25
Clip7,266,267,990.837
Clip7,249,252,6979.312
Clip7,387,254,2307.174
Clip7,293,281,2278.8
Clip7,NA,269,4173.59
Clip7,368,200,953.541
Clip7,213,233,6302.364
Clip7,177,214,1926.991
Clip8,NA,216,1276.907
Clip8,NA,205,535.625
Clip8,291,288,1403.5
Clip8,325,335,714.5
Clip8,237,281,908.25
Clip8,340,334,459.437
Clip8,312,314,668.75
Clip8,202,215,499.5
Clip8,NA,311,2115.813
Clip8,168,195,911.665
Clip8,222,215,2286.583
Clip8,492,494,685.43
Clip8,160,172,522.687
Clip8,219,222,2352.011
Clip8,145,174,568.5
Clip8,375,382,571.625
Clip8,NA,215,2232.716
Clip8,NA,234,1210.302
Clip8,361,376,897.688
Clip8,291,321,728.125
Clip8,216,193,839.625
Clip8,NA,232,1760.401
Clip8,318,283,1405.549
Clip8,217,213,1646.018
Clip8,369,388,937.919
Clip8,NA,263,2318.171
Clip8,NA,258,2287.024
Clip8,NA,344,1684.843
Clip8,520,302,992.223
Clip8,NA,369,665.312
Clip8,393,343,2347.475
Clip8,NA,222,923.489
Clip8,215,267,585.408
Clip8,284,299,836.912
Clip8,228,242,1645.375
Clip8,218,252,1264.627
Clip8,196,235,2702.603
Clip8,200,211,537.494
Clip8,350,270,1813.299
Clip8,252,258,2116.687
Clip8,200,203,533.608
Clip8,NA,263,2736
Clip8,NA,251,2167.563
Clip8,NA,285,3729.062
Clip8,188,204,1415.688
Clip8,NA,292,3892.062
Clip8,419,437,2965.044
Clip8,228,246,693.151
Clip8,232,298,1217.75
Clip8,264,307,2247.625
Clip8,250,321,1251.365
Clip8,421,423,1111.073
Clip8,NA,319,3355.062
Clip8,468,286,2983
Clip8,262,297,1298.657
Clip8,227,294,511.599
Clip8,NA,395,2327.15
Clip8,263,258,1631.627
Clip8,375,289,2842.615
Clip8,NA,248,1844.013
Clip8,221,256,2787
Clip8,348,407,490.604
Clip8,NA,237,720.063
Clip8,470,434,386.896
Clip8,354,235,1752.063
Clip8,NA,205,1890.267
Clip8,161,224,1408.962
Clip8,NA,176,1379.966
Clip8,NA,189,2335.238
Clip8,206,187,823.812
Clip8,179,176,946.5
Clip8,NA,406,2151.297
Clip8,228,225,1672.531
Clip8,243,278,1690.424
Clip9,NA,241,508.006
Clip9,NA,282,2350.161
Clip9,310,352,955.805
Clip9,NA,276,2870.106
Clip9,260,253,506.388
Clip9,245,284,2068.687
Clip9,368,361,838.962
Clip9,NA,415,4023.598
Clip9,NA,309,648.688
Clip9,144,242,1448.062
Clip9,302,302,3438.562
Clip9,254,357,4888.688
Clip9,499,494,1978.375
Clip9,NA,363,3928.938
Clip9,379,308,4310.312
Clip9,329,283,1798.25
Clip9,267,244,2248.25
Clip9,472,464,3594.01
Clip9,NA,373,3017.24
Clip9,NA,487,480.125
Clip9,312,440,749.375
Clip9,536,365,598.75
Clip9,NA,352,1318.428
Clip9,NA,390,2716.875
Clip9,NA,385,828.496
Clip9,409,399,2208.312
Clip9,208,217,3598.5
Clip9,NA,213,6751.688
Clip9,NA,353,2138.5
Clip9,188,334,4278.437
Clip9,250,302,4349.691
Clip9,NA,342,16381.146
Clip9,427,380,1686.58
Clip9,NA,317,8200.727
Clip9,NA,398,5847.913
Clip9,290,299,5205.33
Clip9,338,302,3869.326
Clip9,NA,349,6337.876
Clip9,NA,359,2493.926
Clip9,505,491,4648.384
Clip9,NA,330,3778
Clip9,358,434,6168.688
Clip9,270,427,3208.625
Clip9,NA,247,5228.072
Clip9,322,337,13163.428
Clip9,335,365,2558.687
Clip9,NA,354,7528.044
Clip9,364,367,2943.005
Clip9,NA,423,1254.42
Clip9,213,354,6348.105
Clip9,272,383,2578.25
Clip9,250,326,5824.125
Clip9,290,473,6523.5
Clip9,460,361,658.688
Clip9,NA,471,2858.375
Clip9,489,477,1147.75
Clip9,NA,382,5838.75
Clip9,NA,383,2448.875
Clip9,505,483,1908.875
Clip9,NA,421,1907.562
Clip9,557,485,1892.533
Clip9,324,331,934.275
Clip9,NA,346,1088.929
Clip9,303,361,1365.884
Clip9,NA,337,1517.348
Clip9,NA,411,2079
Clip9,524,509,2751.915
Clip9,NA,405,1031.068
Clip59,490,474,1922.662
Clip59,NA,401,2540.1
Clip59,435,380,2908.486
Clip59,NA,246,1640.937
Clip59,210,200,1726.766
Clip59,NA,271,3064.298
Clip59,NA,338,2108.313
Clip59,NA,168,1999.584
Clip59,NA,294,1116.651
Clip59,NA,299,2280.631
Clip59,264,260,2892.181
Clip59,NA,258,2029.25
Clip59,240,235,342.128